人	
儿	
入	
八	
几	
刀	
刁	
力	
匕	
十	
卜	
又	
三	
下	
丈	
上	
丫	
丸	
凡	
久	
么	
也	
乞	
于	
一	
乙	
丁	
七	
乃	
九	
了	
二	
右	
召	刀
叮	丁
叩	
叨	刀
叼	刁
司	
叵	
叫	丩
另	
只	
史	
叱	
台	
句	
叭	八
叻	力
四	
囚	
外	
央	
失	
奴	
奶	乃
孕	
它	
尼	
巨	
巧	丂
左	
市	
布	
平	
幼	
弁	
弘	
弗	
必	
戊	
打	丁
扔	乃
扒	八
扑	卜
斥	
旦	
朮	
本	
未	
末	
札	
正	
母	
民	
氐	
永	
汁	十
汀	丁
氾	
犯	
玄	
玉	
瓜	
瓦	
甘	
生	
用	
甩	
田	
由	
甲	
申	
疋	
白	
皮	
皿	
目	
矛	
矢	
石	
示	
禾	
穴	
立	
丞	
丟	
乒	
乓	
乩	
亙	
交	
亦	
亥	
仿	方
伉	亢
伙	火
伊	尹
伕	夫
伍	五
伐	
休	
伏	
仲	中
件	
任	壬
亡	
兀	
刃	
勺	
千	
叉	
口	
土	
士	
夕	
大	
女	
子	
孑	
孓	
寸	
小	
尢	
尸	
山	
川	
工	
己	
已	
巳	
巾	
干	
廾	
弋	
弓	
才	
丑	
丐	
不	
中	
丰	
丹	
之	
尹	
予	
云	
井	
互	
五	
亢	
仁	
什	十
仃	丁
仆	卜
仇	九
仍	乃
今	
介	
仄	
元	
允	
內	
六	
兮	
公	
冗	
凶	
分	
切	七
刈	乂
勻	
勾	
勿	
化	𠤎
匹	
午	
升	
卅	
卞	
厄	
友	
及	
反	
壬	
天	
夫	
太	
夭	
孔	
少	
尤	
尺	
屯	
巴	
幻	
廿	
弔	
引	
心	
戈	
戶	
手	
扎	
支	
文	
斗	
斤	
方	
日	
曰	
月	
木	
欠	
止	
歹	
毋	
比	
毛	
氏	
水	
火	
爪	
父	
爻	
片	
牙	
牛	
犬	
王	
丙	
世	
丕	
且	
丘	
主	
乍	
乏	
乎	
以	
付	
仔	子
仕	士
他	也
仗	丈
代	弋
令	
仙	山
仞	刃
充	
兄	
冉	
冊	
冬	
凹	
出	
凸	
刊	干
加	
功	工
包	
匆	
北	
匝	
仟	千
半	
卉	
卡	
占	
卯	
卮	
去	
可	
古	
仰	卬
仳	比
份	分
企	
伋	及
光	
兇	凶
兆	
先	
全	
共	
再	
冰	
列	歹
刑	开
划	
刎	勿
刖	月
劣	
匈	凶
匡	
匠	
印	
危	
吉	
吏	
同	
吊	
吐	土
吁	于
吋	寸
各	
向	
名	
合	
吃	乞
后	
吆	幺
吒	
巫	
希	
序	予
庇	比
床	
廷	𡈼
弄	
弟	
彤	
形	开
彷	方
役	
忘	亡
忌	己
志	士
忍	刃
忱	冘
快	夬
忸	丑
忪	公
戒	
我	
抄	少
抗	亢
抖	斗
技	支
扶	夫
抉	夬
扭	丑
把	巴
扼	厄
找	
批	比
扳	反
抒	予
扯	止
折	
扮	分
宗	
定	
官	
宜	
宙	由
宛	夗
尚	
因	
回	
囝	
圳	川
地	也
在	
圭	
圬	
圯	巳
圩	于
夙	
多	
夷	
夸	亏
妄	亡
奸	干
妃	己
好	
她	也
如	
妁	
字	子
存	
宇	于
守	
宅	乇
安	
寺	
尖	
屹	乞
州	
帆	凡
并	
年	
式	弋
弛	也
忙	亡
忖	寸
戎	
戌	
戍	
成	
扣	口
扛	工
托	乇
收	丩
早	
旨	匕
旬	
旭	九
曲	
曳	
有	
朽	丂
朴	卜
朱	
朵	
次	
此	
死	
氖	乃
汝	女
汗	干
汙	于
江	工
池	也
汐	夕
汕	山
污	亏
汛	卂
汍	丸
汎	凡
灰	
牟	
牝	匕
百	白
竹	
米	
糸	
缶	
羊	
羽	
老	
考	丂
而	
耒	
耳	
聿	
肉	
肋	力
肌	几
臣	
自	
至	
臼	
舌	
舛	
舟	
艮	
色	
艾	乂
虫	
血	
行	
衣	
西	
阡	千
串	
亨	
位	
住	主
佇	宁
佗	它
佞	
伴	半
佛	弗
何	可
估	古
佐	左
佑	右
伽	加
伺	司
伸	申
佃	田
佔	占
似	以
但	旦
佣	用
作	乍
你	尔
伯	白
低	氐
伶	令
余	
佝	句
佈	布
佚	失
兌	
克	
免	
兵	
冶	台
冷	令
別	
判	半
利	
刪	
刨	包
劫	去
助	且
努	奴
劬	句
匣	甲
即	
卵	
吝	文
吭	亢
吞	天
吾	五
否	不
呎	尺
吧	巴
呆	
呃	厄
吳	
呈	𡈼
呂	
君	
吩	分
告	
吹	
吻	勿
吸	及
吮	允
吵	少
吶	內
吠	
吼	孔
呀	牙
吱	支
含	今
吟	今
听	斤
囪	
困	
囤	屯
囫	勿
坊	方
坑	亢
址	止
坍	丹
均	勻
坎	欠
圾	及
坐	
坏	不
圻	
壯	
夾	
妝	
妒	戶
妨	方
妞	丑
妣	比
妙	少
妖	夭
妍	
妤	予
妓	支
妊	壬
妥	
孝	
孜	子
孚	
孛	
完	元
宋	
宏	厷
尬	介
局	
屁	比
尿	
尾	
岐	支
岑	今
岔	
岌	及
投	
抓	爪
抑	
抆	文
改	
攻	工
攸	
旱	干
更	
束	
李	子
杏	
材	才
村	寸
杜	土
杖	丈
杞	己
杉	彡
杆	干
杠	工
杓	
杗	亡
步	
每	母
求	
汞	工
沙	少
沁	心
沈	冘
沉	
沅	元
沛	巿
汪	王
決	夬
沐	木
汰	太
沌	屯
汨	
沖	中
沒	
汽	气
沃	夭
汲	及
汾	分
汴	卞
沆	亢
汶	文
沍	互
沔	丏
沘	比
沂	斤
灶	
灼	勺
災	
灸	久
牢	
牡	土
牠	
狄	
狂	王
玖	久
甬	用
甫	
男	
甸	田
皂	
盯	丁
矣	
私	厶
秀	
禿	
究	九
系	
罕	干
肖	
肓	亡
肝	干
肘	
肛	工
肚	土
育	
良	
芒	亡
芋	于
芍	勺
見	
角	
言	
谷	
豆	
豕	
貝	
赤	
走	
足	
身	
車	
辛	
辰	
迂	于
迆	也
迅	卂
迄	乞
巡	巛
邑	
邢	
邪	牙
邦	丰
那	
酉	
釆	
里	
防	方
阮	元
阱	井
阪	反
阬	亢
並	
乖	
乳	
事	
些	
亞	
享	
京	
佯	羊
依	衣
侍	寺
佳	圭
使	吏
佬	老
供	共
例	列
來	
侃	
佰	百
併	并
侈	多
佩	
佻	兆
侖	
佾	
侏	朱
侑	有
佺	全
兔	
兒	
兕	
兩	
具	
其	
典	
冽	列
函	
刻	亥
券	
刷	
刺	朿
到	
刮	
制	
剁	朵
劾	亥
劻	匡
卒	
協	
卓	
卑	
卦	圭
卷	
卸	
卹	血
取	
叔	尗
受	
味	未
呵	可
咖	加
呸	丕
咕	古
咀	且
呻	申
呷	甲
咄	出
咒	
咆	包
呼	乎
咐	付
呱	瓜
呶	奴
和	禾
咚	冬
呢	尼
周	
咋	乍
命	
咎	
固	古
垃	立
坷	可
坪	平
坩	甘
坡	皮
坦	旦
坤	申
坼	斥
夜	
奉	
奇	
奈	
奄	
奔	
妾	
妻	
委	
妹	未
妮	尼
姑	古
姆	母
姐	且
姍	
始	台
姓	生
姊	𠂔
妯	由
妳	
姒	以
姅	半
孟	皿
孤	瓜
季	
屈	出
居	
屆	
岷	民
岡	
岸	干
岩	
岫	由
岱	代
岳	
帘	
帚	
帖	占
帕	白
帛	白
帑	奴
幸	
庚	
店	占
府	付
底	氐
庖	包
延	
弦	玄
弧	瓜
弩	奴
往	主
征	正
彿	弗
彼	皮
忝	天
忠	中
忽	勿
念	今
忿	分
怏	央
怔	正
怯	去
怵	朮
怖	布
怪	圣
怕	白
怡	台
性	生
怩	尼
怫	弗
怛	旦
或	
戕	
房	方
戾	
所	戶
承	
拉	立
拌	半
拄	主
抿	民
拂	弗
抹	末
拒	巨
招	召
披	皮
拓	石
拔	犮
拋	
拈	占
抨	平
抽	由
押	甲
拐	
拙	出
拇	母
拍	白
抵	氐
拚	弁
抱	包
拘	句
拖	㐌
拗	幼
拆	斥
抬	台
拎	令
放	方
斧	父
於	
旺	王
咸	
咦	夷
咳	亥
哇	圭
哂	西
咽	因
咪	米
品	
哄	共
哈	合
咯	各
咫	
咱	自
咻	休
咩	
咧	列
咿	伊
囿	有
垂	
型	刑
垠	艮
垣	
垢	后
城	成
垮	夸
垓	亥
奕	亦
契	
昔	
易	
昌	
昆	
昂	卬
明	
昀	勻
昏	
昕	斤
昊	
昇	升
服	
朋	
杭	亢
枋	方
枕	冘
東	
果	
杳	
杷	巴
枇	比
枝	支
林	
杯	不
杰	
板	反
枉	王
松	公
析	
杵	午
枚	
枓	斗
杼	予
杪	少
杲	
欣	斤
武	
歧	支
歿	
氓	亡
氛	分
泣	立
注	主
泳	永
沱	它
泌	必
泥	尼
河	可
沽	古
沾	占
沼	召
波	皮
沫	末
法	
泓	弘
沸	弗
泄	世
油	由
況	
沮	且
泗	四
泅	囚
泱	央
沿	
治	台
泡	包
泛	乏
泊	白
沬	未
泯	民
泜	氐
泖	卯
泠	令
炕	亢
炎	
炒	少
炊	
炙	
爬	巴
爭	
爸	巴
版	反
牧	
物	勿
狀	
狎	甲
狙	且
狗	句
狐	瓜
玩	元
玨	
玟	文
玫	
玥	
甽	
疝	山
疙	乞
疚	久
的	
盂	于
盲	亡
直	
知	
矽	夕
社	
祀	巳
祁	
秉	
秈	山
空	工
穹	弓
竺	
糾	
罔	亡
羌	
羋	
者	
肺	巿
肥	
肢	支
肱	
股	殳
肫	屯
肩	
肴	爻
肪	方
肯	
臥	
臾	
舍	
芳	方
芝	之
芙	夫
芭	巴
芽	牙
芟	
芹	斤
花	化
芬	分
芥	介
芯	心
芸	云
芣	不
芰	支
芾	巿
芷	止
虎	虍
虱	
初	
表	
軋	
迎	卬
返	反
近	斤
邵	召
邸	氐
邱	丘
邶	北
采	
金	
長	
門	
阜	
陀	它
阿	可
阻	且
附	付
陂	皮
隹	
雨	
青	
非	
亟	
亭	丁
亮	
信	
侵	
侯	
便	
俠	夾
俑	甬
俏	肖
保	
促	足
侶	呂
俘	孚
俟	矣
俊	夋
俗	谷
侮	每
俐	利
俄	我
係	系
俚	里
俎	且
俞	
侷	局
兗	
冒	
冑	由
冠	
剎	
剃	弟
削	肖
前	
剌	
剋	克
則	
勇	甬
勉	免
勃	孛
勁	
匍	甫
南	
卻	谷
厚	
叛	反
咬	交
哀	衣
咨	次
哎	艾
哉	
奏	
奎	圭
奐	
姜	
姘	并
姿	次
姣	交
姨	夷
娃	圭
姥	老
姪	至
姚	兆
姦	
威	
姻	因
孩	亥
宣	亘
宦	
室	至
客	各
宥	有
封	
屎	尸
屏	并
屍	
屋	
峙	寺
峒	同
巷	
帝	
帥	
帟	亦
幽	幺
庠	羊
度	
建	
弈	亦
弭	
彥	
很	艮
待	寺
徊	回
律	聿
徇	旬
後	
徉	羊
怒	奴
思	
怠	台
急	
怎	乍
怨	夗
恍	光
恰	合
恨	艮
恢	灰
恆	亙
恃	寺
恬	
恫	同
恪	各
恤	血
扁	
拜	
挖	穵
按	安
拼	并
拭	式
持	寺
拮	吉
拽	曳
指	旨
拱	共
拷	考
拯	丞
括	
拾	合
拴	全
挑	兆
挂	圭
政	正
故	古
斫	
施	也
既	
春	
昭	召
映	央
昧	未
是	
星	生
昨	乍
昱	
昤	令
曷	
柿	市
染	
柱	主
柔	矛
某	
柬	
架	加
枯	古
柵	冊
柩	
柯	可
柄	丙
柑	甘
枴	
柚	由
查	
枸	句
柏	白
柞	乍
柳	卯
枰	平
柙	甲
柢	氐
柝	斥
柒	
歪	
殃	央
殆	台
段	
毒	
毗	比
氟	弗
泉	
洋	羊
洲	州
洪	共
流	
津	聿
洌	列
洱	耳
洞	同
洗	先
活	
洽	合
派	𠂢
洶	匈
洛	各
泵	
洹	
洧	有
洸	光
洩	曳
洮	兆
洵	旬
洎	自
洫	血
炫	玄
為	
炳	丙
炬	巨
炯	
炭	
炸	乍
炮	包
炤	召
爰	
牲	生
牯	古
牴	氐
狩	守
狠	艮
狡	交
玷	占
珊	
玻	皮
玲	令
珍	㐱
珀	白
玳	代
甚	
甭	
畏	
界	介
畎	
畋	田
疫	殳
疤	巴
疥	介
疢	
疣	尤
癸	
皆	
皇	
皈	
盈	
盆	分
盃	不
盅	中
省	
盹	屯
相	
眉	
看	
盾	
盼	分
眇	少
矜	今
砂	少
研	开
砌	切
砍	欠
祆	天
祉	止
祈	斤
祇	氏
禹	
禺	
科	
秒	少
秋	
穿	
突	
竿	干
竽	于
籽	子
紂	
紅	工
紀	己
紉	刃
紇	乞
約	勺
紆	于
缸	工
美	
羿	
耄	毛
耐	
耍	
耑	
耶	
胖	半
胥	
胚	丕
胃	
胄	由
背	北
胡	古
胛	甲
胎	台
胞	包
胤	
胝	氐
致	至
舢	山
苧	宁
范	氾
茅	矛
苣	巨
苛	可
苦	古
茄	加
若	
茂	戊
茉	末
苒	冉
苗	
英	央
茁	出
苜	目
苔	台
苑	夗
苞	包
苓	令
苟	句
苯	本
茆	卯
虐	
虹	工
虻	亡
虺	
衍	
衫	
要	
觔	
計	
訂	
訃	卜
貞	
負	
赴	卜
赳	
趴	八
軍	
軌	九
述	朮
迦	加
迢	召
迪	由
迥	
迭	失
迫	白
迤	
迨	台
郊	交
郎	
郁	有
郃	合
酋	
酊	
重	
閂	
限	艮
陋	
陌	百
降	夅
面	
革	
韋	
韭	
音	
頁	
風	
飛	
食	
首	
香	
乘	
亳	
倌	官
倍	咅
倣	放
俯	府
倦	卷
倥	空
俸	奉
倩	青
倖	幸
倆	兩
值	直
借	昔
倚	奇
倒	到
們	門
俺	奄
倀	長
倔	屈
倨	居
俱	具
倡	昌
個	固
候	
倘	尚
俳	非
修	攸
倭	委
倪	兒
俾	卑
倫	侖
倉	
兼	
冤	
冥	
冢	
凍	東
凌	夌
准	隹
凋	周
剖	咅
剜	宛
剔	易
剛	岡
剝	彔
匪	非
卿	
原	
厝	昔
叟	
哨	肖
唐	庚
唁	言
唷	育
哼	亨
哥	
哲	折
唆	
哺	甫
唔	吾
哩	里
哭	
員	
唉	矣
哮	孝
哪	那
哦	我
唧	即
唇	辰
哽	更
唏	希
圃	甫
圄	吾
埂	更
埔	甫
埋	
埃	矣
堉	育
夏	
套	
奘	壯
奚	
娑	沙
娘	良
娜	那
娟	
娛	吳
娓	尾
姬	
娠	辰
娣	弟
娩	免
娥	我
娌	里
娉	
孫	
屘	
宰	
害	
家	
宴	妟
宮	
宵	肖
容	
宸	辰
射	
屑	肖
展	
屐	支
峭	肖
峽	夾
峻	
峪	谷
峨	我
峰	夆
島	
崁	坎
峴	見
差	
席	
師	
庫	
庭	廷
座	坐
弱	
徒	土
徑	巠
徐	余
恙	
恣	次
恥	
恐	巩
恕	如
恭	共
恩	因
息	自
悄	肖
悟	吾
悚	
悍	旱
悔	每
悌	弟
悅	兌
悖	孛
扇	
拳	
挈	
拿	
捎	肖
挾	夾
振	辰
捕	甫
捂	吾
捆	困
捏	
捉	足
挺	廷
捐	肙
挽	免
挪	那
挫	坐
挨	矣
捍	旱
捌	別
效	交
敉	米
料	
旁	方
旅	
時	寺
晉	
晏	安
晃	光
晒	西
晌	向
晅	
晁	兆
書	
朔	
朕	
朗	
校	交
核	亥
案	安
框	匡
桓	
根	艮
桂	圭
桔	吉
栩	羽
梳	㐬
栗	
桌	
桑	
栽	
柴	此
桐	同
桀	
格	各
桃	兆
株	朱
桅	危
栓	全
栘	多
桁	行
殊	朱
殉	旬
殷	
氣	
氧	羊
氨	安
氦	亥
氤	因
泰	
浪	良
涕	弟
消	肖
涇	巠
浦	甫
浸	𠬶
海	每
浙	折
涓	肙
浬	里
涉	
浮	孚
浚	
浴	谷
浩	告
涌	甬
涊	忍
浹	夾
涅	
浥	邑
涔	岑
烊	羊
烘	共
烤	考
烙	各
烈	列
烏	
爹	多
特	寺
狼	良
狹	夾
狽	貝
狸	里
狷	肙
玆	
班	
琉	
珮	
珠	朱
珪	圭
珞	各
畔	半
畝	
畜	
畚	
留	
疾	
病	丙
症	正
疲	皮
疳	甘
疽	且
疼	冬
疹	
痂	加
疸	旦
皋	
皰	包
益	
盍	
盎	央
眩	玄
真	
眠	民
眨	乏
矩	巨
砰	平
砧	占
砸	匝
砝	
破	皮
砷	申
砥	氐
砭	乏
砠	且
砟	乍
砲	包
祕	必
祐	右
祠	司
祟	
祖	且
神	申
祝	
祗	氐
祚	乍
秤	平
秣	末
秧	央
租	且
秦	
秩	失
秘	必
窄	乍
窈	幼
站	占
笆	巴
笑	夭
粉	分
紡	方
紗	少
紋	文
紊	文
素	
索	
純	屯
紐	丑
紕	比
級	及
紜	云
納	內
紙	氏
紛	分
缺	
罟	古
羔	
翅	支
翁	公
耆	
耘	云
耕	井
耙	巴
耗	毛
耽	冘
耿	
胱	光
脂	旨
胰	夷
脅	劦
胭	因
胴	同
脆	危
胸	匈
胳	各
脈	
能	
脊	
胼	并
胯	夸
臭	
臬	
舀	
舐	氏
航	亢
舫	方
舨	反
般	
芻	
茫	亡
荒	巟
荔	劦
荊	刑
茸	
荐	存
草	早
茵	因
茴	回
荏	任
茲	
茹	如
茶	
茗	名
荀	旬
茱	朱
茨	次
荃	全
虔	文
蚊	文
蚪	斗
蚓	引
蚤	
蚩	
蚌	丰
蚣	公
蚜	牙
衰	
衷	中
袁	
袂	夬
衽	壬
衹	氏
記	己
訐	干
討	
訌	工
訕	山
訊	
託	
訓	川
訖	乞
訏	于
訑	也
豈	
豺	才
豹	勺
財	才
貢	工
起	已
躬	弓
軒	干
軔	刃
軏	
辱	
送	
逆	
迷	米
退	
迺	西
迴	回
逃	兆
追	𠂤
逅	后
迸	并
邕	
郡	君
郝	赤
郢	呈
酒	酉
配	己
酌	勺
釘	
針	
釗	
釜	父
釙	卜
閃	
院	完
陣	
陡	走
陛	坒
陝	
除	余
陘	巠
陞	升
隻	
飢	几
馬	
骨	
高	
鬥	
鬲	
鬼	
乾	
偺	
偽	為
停	亭
假	叚
偃	匽
偌	若
做	
偉	韋
健	建
偶	禺
偎	畏
偕	皆
偵	貞
側	則
偷	
偏	扁
倏	
偯	
偭	面
兜	
冕	免
凰	皇
剪	前
副	畐
勒	力
務	
勘	甚
動	重
匐	
匏	包
匙	是
匿	若
區	
匾	扁
參	
曼	
商	
啪	拍
啦	拉
啄	豖
啞	亞
啡	非
啃	肯
啊	阿
唱	昌
啖	炎
問	
啕	
唯	隹
啤	卑
唸	念
售	
啜	
唬	虎
啣	卸
唳	戾
啁	周
啗	
圈	卷
國	
圉	
域	或
堅	
堊	亞
堆	隹
埠	阜
埤	卑
基	其
堂	尚
堵	者
執	幸
培	咅
夠	句
奢	者
娶	取
婁	
婉	宛
婦	
婪	林
婀	阿
娼	昌
婢	卑
婚	昏
婆	波
婊	表
孰	
寇	
寅	
寄	奇
寂	叔
宿	
密	宓
尉	
專	
將	
屠	者
屜	
屝	非
崇	宗
崆	空
崎	奇
崛	屈
崖	厓
崢	爭
崑	昆
崩	朋
崔	隹
崙	侖
崤	肴
崧	松
崗	岡
巢	
常	尚
帶	
帳	長
帷	隹
康	
庸	
庶	
庵	奄
庾	臾
張	長
強	
彗	
彬	
彩	采
彫	周
得	
徙	止
從	
徘	非
御	御
徠	來
徜	尚
恿	甬
患	串
悉	
悠	攸
您	你
惋	宛
悴	卒
惦	店
悽	妻
情	青
悻	幸
悵	長
惜	昔
悼	卓
惘	罔
惕	易
惆	周
惟	隹
悸	季
惚	忽
惇	享
戚	尗
戛	
扈	戶
掠	京
控	空
捲	卷
掖	夜
探	
接	妾
捷	疌
捧	奉
掘	屈
措	昔
捱	
掩	奄
掉	卓
掃	
掛	卦
捫	門
推	隹
掄	侖
授	受
掙	爭
採	采
掬	匊
排	非
掏	匋
掀	欣
捻	念
捩	戾
捨	舍
捺	奈
敝	
敖	
救	求
教	孝
敗	
啟	
敏	每
敘	余
敕	
敔	吾
斜	余
斛	
斬	
族	
旋	
旌	生
旎	尼
晝	
晚	免
晤	吾
晨	辰
晦	每
晞	希
曹	
勗	
望	
梁	
梯	弟
梢	肖
梓	辛
梵	凡
桿	旱
桶	甬
梱	困
梧	吾
梗	更
械	戒
梃	廷
棄	
梭	夋
梆	邦
梅	每
梔	
條	
梨	利
梟	
梡	完
梂	求
欲	谷
殺	
毫	毛
毬	求
氫	巠
涎	延
涼	京
淳	享
淙	宗
液	夜
淡	炎
淌	尚
淤	於
添	忝
淺	戔
清	青
淇	其
淋	林
涯	厓
淑	叔
涮	刷
淞	松
淹	奄
涸	固
混	昆
淵	
淅	析
淒	妻
渚	者
涵	函
淚	戾
淫	㸒
淘	匋
淪	侖
深	
淮	隹
淨	爭
淆	肴
淄	甾
涪	
淬	卒
涿	豖
淦	金
烹	亨
焉	
焊	旱
烽	
烯	希
爽	
牽	
犁	利
猜	青
猛	孟
猖	昌
猓	果
猙	爭
率	
琅	良
琊	邪
球	求
理	里
現	見
琍	利
瓠	瓜
瓶	并
瓷	次
甜	甘
產	
略	各
畦	圭
畢	
異	
疏	疋
痔	寺
痕	艮
疵	此
痊	全
痍	夷
皎	交
盔	灰
盒	合
盛	成
眷	
眾	
眼	艮
眶	匡
眸	牟
眺	兆
硫	
硃	朱
硎	刑
祥	羊
票	
祭	
移	多
窒	至
窕	兆
笠	立
笨	本
笛	由
第	
符	付
笙	生
笞	台
笮	乍
粒	立
粗	且
粕	白
絆	半
絃	玄
統	充
紮	札
紹	召
紼	弗
絀	出
細	
紳	申
組	且
累	
終	冬
紲	世
紱	犮
缽	本
羞	丑
羚	令
翌	立
翎	令
習	
耜	
聊	卯
聆	令
脯	甫
脖	孛
脣	辰
脫	兌
脩	攸
脰	豆
脤	辰
舂	
舵	它
舷	玄
舶	白
船	
莎	沙
莞	完
莘	辛
荸	孛
莢	夾
莖	巠
莽	
莫	
莒	呂
莊	壯
莓	每
莉	利
莠	秀
荷	何
荻	狄
荼	余
莆	甫
莧	見
處	
彪	
蛇	它
蛀	主
蚶	甘
蛄	古
蚵	可
蛆	且
蛋	
蚱	乍
蚯	丘
蛉	令
術	朮
袞	
袈	加
被	皮
袒	旦
袖	由
袍	包
袋	代
覓	
規	
訪	方
訝	牙
訣	
訥	內
許	午
設	
訟	公
訛	化
訢	斤
豉	支
豚	豕
販	反
責	
貫	
貨	化
貪	今
貧	分
赧	
赦	赤
趾	止
趺	夫
軛	厄
軟	
這	
逍	肖
通	甬
逗	豆
連	
速	束
逝	折
逐	
逕	巠
逞	呈
造	告
透	秀
逢	夆
逖	狄
逛	狂
途	余
部	咅
郭	享
都	者
酗	凶
野	予
釵	叉
釦	口
釣	
釧	川
釭	工
釩	凡
閉	
陪	咅
陵	夌
陳	
陸	坴
陰	
陴	卑
陶	匋
陷	臽
陬	取
雀	
雪	
雩	
章	
竟	
頂	
頃	
魚	
鳥	
鹵	
鹿	
麥	
麻	
傢	家
傍	旁
傅	尃
備	
傑	桀
傀	鬼
傖	倉
傘	
傚	效
最	
凱	豈
割	害
剴	豈
創	倉
剩	乘
勞	
勝	
勛	員
博	
厥	
啻	帝
喀	客
喧	宣
啼	帝
喊	咸
喝	曷
喘	耑
喂	畏
喜	
喪	
喔	屋
喇	剌
喋	
喃	南
喳	查
單	
喟	胃
唾	垂
喲	約
喚	奐
喻	俞
喬	夭
喱	
啾	秋
喉	侯
喫	契
喙	
圍	韋
堯	
堪	甚
場	
堤	是
堰	
報	
堡	保
堝	
堠	侯
壹	
壺	
奠	
婷	亭
媚	眉
婿	胥
媒	某
媛	爰
媧	
孳	
孱	
寒	
富	畐
寓	禺
寐	未
尊	
尋	
就	
嵌	
嵐	
崴	威
嵇	
巽	
幅	畐
帽	冒
幀	貞
幃	韋
幾	
廊	郎
廁	則
廂	相
廄	
弼	百
彭	
復	复
循	盾
徨	皇
惑	或
惡	亞
悲	非
悶	門
惠	
愜	
愣	
惺	星
愕	咢
惰	左
惻	則
惴	耑
慨	既
惱	
愎	
惶	皇
愉	俞
愀	秋
愒	曷
戟	
扉	非
掣	
掌	尚
描	苗
揀	柬
揩	皆
揉	柔
揆	癸
揍	奏
插	臿
揣	耑
提	是
握	屋
揖	咠
揭	曷
揮	軍
捶	垂
援	爰
揪	秋
換	奐
摒	屏
揚	昜
揹	背
敞	尚
敦	享
敢	
散	
斑	
斐	非
斯	其
普	
晰	析
晴	青
晶	
景	京
暑	者
智	知
晾	京
晷	咎
曾	
替	
期	其
朝	
棺	官
棕	宗
棠	尚
棘	
棗	
椅	奇
棟	東
棵	果
森	
棧	
棹	卓
棒	奉
棲	妻
棣	
棋	其
棍	昆
植	直
椒	
椎	隹
棉	帛
棚	朋
楮	者
棻	芬
款	
欺	其
欽	
殘	
殖	直
殼	
毯	炎
氮	炎
氯	彔
氬	亞
港	巷
游	斿
湔	前
渡	度
渲	宣
湧	勇
湊	奏
渠	洰
渥	屋
渣	查
減	咸
湛	甚
湘	相
渤	勃
湖	胡
湮	垔
渭	胃
渦	咼
湯	昜
渴	曷
湍	耑
渺	眇
測	則
湃	拜
渝	俞
渾	軍
滋	兹
溉	既
渙	奐
湎	面
湣	
湄	眉
湲	爰
湩	重
湟	皇
焙	
焚	
焦	
焰	臽
無	
然	
煮	者
焜	昆
牌	卑
犄	奇
犀	
猶	酋
猥	畏
猴	侯
猩	星
琺	法
琪	其
琳	林
琢	豖
琥	虎
琵	比
琶	巴
琴	今
琯	官
琛	
琦	奇
琨	昆
甥	生
甦	
畫	
番	
痢	利
痛	甬
痣	志
痙	巠
痘	豆
痞	否
痠	
登	
發	
皖	完
皓	告
皴	
盜	
睏	困
短	豆
硝	肖
硬	更
硯	見
稍	肖
稈	旱
程	呈
稅	兌
稀	希
窘	君
窗	囪
窖	告
童	
竣	夋
等	
策	朿
筆	
筐	匡
筒	同
答	合
筍	旬
筋	
筏	伐
筑	
粟	
粥	米
絞	交
結	吉
絨	戎
絕	
紫	此
絮	如
絲	
絡	各
給	
絢	旬
絰	
絳	
善	
翔	羊
翕	
耋	
聒	
肅	
腕	宛
腔	空
腋	夜
腑	府
腎	
脹	長
腆	典
脾	卑
腌	奄
腓	非
腴	臾
舒	予
舜	
菩	咅
萃	卒
菸	於
萍	泙
菠	波
菅	官
萋	妻
菁	青
華	
菱	夌
菴	奄
著	者
萊	來
菰	孤
萌	明
菌	囷
菽	叔
菲	非
菊	匊
萸	臾
萎	委
萄	匋
菜	采
萇	長
菔	服
菟	兔
虛	虍
蛟	交
蛙	圭
蛭	至
蛔	回
蛛	朱
蛤	合
蛐	曲
蛞	
街	圭
裁	
裂	列
袱	伏
覃	
視	
註	主
詠	永
評	平
詞	司
証	正
詁	古
詔	召
詛	且
詐	乍
詆	氐
訴	斥
診	
訶	可
詖	皮
象	
貂	召
貯	
貼	占
貳	
貽	台
賁	
費	弗
賀	加
貴	
買	
貶	乏
貿	
貸	代
越	戉
超	召
趁	㐱
跎	它
距	巨
跋	犮
跚	
跑	包
跌	失
跛	皮
跆	台
軻	可
軸	由
軼	失
辜	古
逮	隶
逵	坴
週	周
逸	
進	
逶	委
鄂	咢
郵	
鄉	
郾	匽
酣	甘
酥	
量	
鈔	少
鈕	丑
鈣	丐
鈉	內
鈞	勻
鈍	屯
鈐	今
鈇	夫
鈑	反
閔	文
閏	
開	
閑	
間	
閒	
閎	
隊	
階	皆
隋	
陽	昜
隅	禺
隆	
隍	皇
陲	垂
隄	是
雁	厂
雅	牙
雄	厷
集	
雇	
雯	文
雲	云
韌	刃
項	工
順	
須	
飧	
飪	壬
飯	反
飩	屯
飲	
飭	
馮	
馭	
黃	
黍	
黑	
亂	
傭	庸
債	責
傲	敖
傳	專
僅	堇
傾	頃
催	崔
傷	
傻	
傯	
僇	翏
剿	巢
剷	產
剽	票
募	莫
勦	巢
勤	堇
勢	
勣	責
匯	淮
嗟	差
嗨	海
嗓	桑
嗦	索
嗎	馬
嗜	耆
嗇	
嗑	盍
嗣	司
嗤	蚩
嗯	恩
嗚	烏
嗡	翁
嗅	臭
嗆	倉
嗥	
嗉	素
園	袁
圓	員
塞	
塑	朔
塘	唐
塗	
塚	冢
塔	荅
填	真
塌	
塭	
塊	鬼
塢	烏
塒	時
塋	
奧	
嫁	家
嫉	疾
嫌	兼
媾	
媽	馬
媼	
媳	息
嫂	叟
媲	
嵩	
嵯	差
幌	晃
幹	干
廉	兼
廈	夏
弒	式
彙	
徬	旁
微	
愚	禺
意	
慈	兹
感	咸
想	相
愛	
惹	若
愁	秋
愈	俞
慎	真
慌	荒
慄	栗
慍	
愾	氣
愴	倉
愧	鬼
愍	
愆	衍
愷	豈
戡	甚
戢	
搓	差
搾	窄
搞	高
搪	唐
搭	荅
搽	茶
搬	般
搏	尃
搜	叟
搔	蚤
損	員
搶	倉
搖	
搗	島
搆	冓
敬	
斟	甚
新	亲
暗	音
暉	軍
暇	叚
暈	軍
暖	爰
暄	宣
暘	
暍	曷
會	
榔	郎
業	
楚	疋
楷	皆
楠	南
楔	契
極	亟
椰	耶
概	既
楊	
楨	貞
楫	
楞	
楓	風
楹	盈
榆	俞
楝	柬
楣	眉
楛	苦
歇	曷
歲	
毀	
殿	
毓	
毽	建
溢	益
溯	朔
滓	宰
溶	容
滂	旁
源	原
溝	冓
滇	真
滅	
溥	尃
溘	盍
溼	
溺	弱
溫	
滑	骨
準	
溜	留
滄	倉
滔	舀
溪	奚
溧	栗
溴	臭
煎	前
煙	
煩	
煤	某
煉	柬
照	昭
煜	
煬	
煦	
煌	皇
煥	奐
煞	
煆	
煨	畏
煖	爰
爺	耶
牒	
猷	酋
獅	師
猿	袁
猾	骨
瑯	郎
瑚	胡
瑕	
瑟	必
瑞	
瑁	冒
琿	軍
瑙	
瑛	英
瑜	
當	尚
畸	奇
瘀	於
痰	炎
瘁	卒
痲	
痱	非
痺	卑
痿	委
痴	知
痳	林
盞	
盟	明
睛	青
睫	疌
睦	坴
睞	來
督	叔
睹	者
睪	
睬	采
睜	爭
睥	卑
睨	兒
睢	
矮	委
碎	卒
碰	並
碗	宛
碘	典
碌	录
碉	周
硼	朋
碑	卑
碓	
硿	空
祺	其
祿	彔
禁	林
萬	
禽	
稜	
稚	隹
稠	周
稔	念
稟	
稞	果
窟	屈
窠	果
筷	快
節	即
筠	均
筮	
筧	見
粱	
粳	更
粵	
經	巠
絹	肙
綑	困
綁	邦
綏	妥
絛	
置	直
罩	卓
罪	非
署	者
義	
羨	
群	君
聖	
聘	甹
肆	聿
肄	
腱	建
腰	要
腸	昜
腥	星
腮	思
腳	卻
腫	重
腹	复
腺	泉
腦	
舅	臼
艇	廷
蒂	帝
葷	軍
落	洛
萱	宣
葵	癸
葦	韋
葫	胡
葉	
葬	
葛	曷
萼	咢
萵	咼
葡	匍
董	重
葩	
葭	
葆	保
虞	吳
虜	
號	
蛹	甬
蜓	廷
蜈	吳
蜇	折
蜀	
蛾	我
蛻	兌
蜂	夆
蜃	辰
蜆	見
蜊	利
衙	吾
裟	沙
裔	衣
裙	君
補	甫
裘	求
裝	壯
裡	里
裊	
裕	谷
裒	
覜	兆
解	
詫	宅
該	亥
詳	羊
試	式
詩	寺
詰	吉
誇	夸
詼	灰
詣	旨
誠	成
話	
誅	朱
詭	危
詢	旬
詮	全
詬	后
詹	
詻	各
訾	此
詨	交
豢	
貊	百
貉	各
賊	
資	次
賈	
賄	有
貲	此
賃	任
賂	各
賅	亥
跡	亦
跟	艮
跨	夸
路	各
跳	兆
跺	朵
跪	危
跤	交
跦	朱
躲	朵
較	交
載	
軾	式
輊	至
辟	
農	
運	軍
遊	
道	
遂	㒸
達	
逼	
違	韋
遐	
遇	禺
遏	曷
過	咼
遍	扁
遑	皇
逾	俞
遁	盾
鄒	芻
鄗	高
酬	州
酪	各
酩	名
釉	由
鈷	古
鉗	甘
鈸	
鈽	布
鉀	甲
鈾	由
鉛	
鉋	包
鉤	句
鉑	白
鈴	令
鉉	玄
鉍	必
鉅	巨
鈹	皮
鈿	田
鉚	
閘	甲
隘	益
隔	鬲
隕	員
雍	
雋	
雉	矢
雊	句
雷	
電	
雹	包
零	令
靖	青
靴	化
靶	巴
預	予
頑	元
頓	屯
頊	
頒	分
頌	公
飼	司
飴	台
飽	包
飾	
馳	也
馱	
馴	川
髡	
鳩	九
麂	几
鼎	
鼓	
鼠	
僧	曾
僮	童
僥	堯
僖	喜
僭	朁
僚	尞
僕	
像	象
僑	喬
僱	雇
僎	巽
僩	閒
兢	
凳	登
劃	畫
劂	厥
匱	貴
厭	
嗾	族
嘀	
嘛	麻
嘗	尚
嗽	
嘔	區
嘆	
嘉	加
嘍	婁
嘎	戛
嗷	敖
嘖	責
嘟	都
嘈	曹
嘐	
嗶	畢
團	專
圖	
塵	
塾	孰
境	竟
墓	莫
墊	執
塹	斬
墅	
塽	爽
壽	
夥	果
夢	
夤	寅
奪	
奩	
嫡	
嫦	常
嫩	
嫗	區
嫖	票
嫘	累
嫣	焉
孵	孚
寞	莫
寧	
寡	
寥	翏
實	
寨	
寢	
寤	吾
察	祭
對	
屢	婁
嶄	斬
嶇	區
幛	章
幣	敝
幕	莫
幗	國
幔	曼
廓	郭
廖	
弊	敝
彆	敝
彰	章
徹	
慇	殷
愿	原
態	
慷	康
慢	曼
慣	貫
慟	動
慚	斬
慘	參
慵	庸
截	
撇	敝
摘	
摔	率
撤	
摸	莫
摟	婁
摺	習
摑	國
摧	崔
搴	
摭	庶
摻	參
敲	高
斡	
旗	其
旖	奇
暢	
暨	既
暝	冥
榜	旁
榨	窄
榕	容
槁	高
榮	
槓	貢
構	
榛	秦
榷	
榻	
榫	
榴	留
槐	鬼
槍	倉
榭	射
槌	追
榦	
槃	般
榣	
歉	兼
歌	哥
氳	
漳	章
演	寅
滾	袞
漓	离
滴	
漩	旋
漾	羕
漠	莫
漬	責
漏	
漂	票
漢	
滿	
滯	帶
漆	桼
漱	欶
漸	斬
漲	張
漣	連
漕	曹
漫	曼
漯	累
澈	
漪	猗
滬	扈
漁	魚
滲	參
滌	條
滷	鹵
熔	容
熙	
煽	扇
熊	能
熄	息
熒	
爾	
犒	高
犖	
獄	
獐	章
瑤	
瑣	
瑪	馬
瑰	鬼
瑭	唐
甄	
疑	矢
瘧	虐
瘍	昜
瘋	風
瘉	
瘓	奐
盡	
監	
瞄	苗
睽	癸
睿	
睡	垂
磁	兹
碟	枼
碧	
碳	炭
碩	
碣	曷
禎	貞
福	畐
禍	咼
種	重
稱	
窪	
窩	
竭	曷
端	耑
管	官
箕	其
箋	戔
筵	延
算	
箝	拑
箔	泊
箏	爭
箸	者
箇	固
箄	卑
粹	卒
粽	宗
精	青
綻	
綰	官
綜	宗
綽	卓
綾	夌
綠	彔
緊	
綴	
網	罔
綱	岡
綺	奇
綢	周
綿	
綵	采
綸	侖
維	隹
緒	者
緇	甾
綬	受
罰	
翠	卒
翡	非
翟	
聞	門
聚	取
肇	
腐	府
膀	旁
膏	高
膈	鬲
膊	尃
腿	退
膂	旅
臧	戕
臺	
與	
舔	忝
舞	
艋	孟
蓉	容
蒿	高
蓆	席
蓄	畜
蒙	冡
蒞	
蒲	浦
蒜	祘
蓋	盍
蒸	烝
蓀	孫
蓓	倍
蒐	
蒼	倉
蓑	衰
蓊	翁
蜿	宛
蜜	宓
蜻	青
蜢	孟
蜥	析
蜴	易
蜘	知
蝕	
蜷	卷
蜩	周
裳	尚
褂	卦
裴	非
裹	果
裸	果
製	制
裨	卑
褚	者
裯	周
誦	甬
誌	志
語	吾
誣	巫
認	忍
誡	戒
誓	折
誤	吳
說	兌
誥	告
誨	每
誘	秀
誑	狂
誚	肖
誧	甫
豪	高
貍	里
貌	皃
賓	
賑	辰
賒	
赫	
趙	肖
趕	旱
跼	局
輔	甫
輒	
輕	
輓	免
辣	
遠	袁
遘	冓
遜	孫
遣	
遙	
遞	虒
遢	
遝	
遛	留
鄙	啚
鄘	庸
鄞	堇
酵	孝
酸	夋
酷	告
酴	余
鉸	交
銀	艮
銅	同
銘	名
銖	朱
鉻	各
銓	全
銜	
銨	安
鉼	并
銑	先
閡	亥
閨	圭
閩	門
閣	各
閥	伐
閤	合
隙	𡭴
障	章
際	祭
雌	此
雒	各
需	而
靼	旦
鞅	央
韶	召
頗	皮
領	令
颯	
颱	台
餃	交
餅	并
餌	耳
餉	向
駁	
骯	
骰	
髦	毛
魁	鬼
魂	云
鳴	
鳶	
鳳	
麼	麻
鼻	畀
齊	
億	意
儀	義
僻	辟
僵	畺
價	賈
儂	農
儈	會
儉	僉
儅	當
凜	稟
劇	豦
劈	辟
劉	
劍	僉
劊	會
勰	
厲	
嘮	勞
嘻	喜
嘹	
嘲	朝
嘿	黑
嘴	觜
嘩	華
噓	虛
噎	壹
噗	
噴	賁
嘶	斯
嘯	肅
嘰	幾
墀	犀
墟	虛
增	曾
墳	賁
墜	隊
墮	隋
墩	敦
墦	番
奭	
嬉	喜
嫻	閑
嬋	單
嫵	無
嬌	喬
嬈	堯
寮	
寬	
審	
寫	舄
層	曾
履	
嶝	登
嶔	欽
幢	童
幟	
幡	番
廢	發
廚	尌
廟	朝
廝	斯
廣	黃
廠	敞
彈	單
影	景
德	
徵	
慶	
慧	彗
慮	
慝	
慕	莫
憂	
慼	戚
慰	尉
慫	從
慾	欲
憧	童
憐	
憫	閔
憎	曾
憬	景
憚	單
憤	賁
憔	焦
憮	無
戮	
摩	麻
摯	執
摹	莫
撞	童
撲	
撈	勞
撐	牚
撰	巽
撥	發
撓	堯
撕	斯
撩	尞
撒	散
撮	最
播	番
撫	無
撚	然
撬	
撙	尊
撢	覃
撳	欽
敵	
敷	旉
數	婁
暮	莫
暫	斬
暴	
暱	匿
樣	
樟	章
槨	郭
樁	舂
樞	區
標	票
槽	曹
模	莫
樓	婁
樊	
槳	將
樂	
樅	從
槭	戚
樑	梁
歐	區
歎	
殤	
毅	
毆	區
漿	將
潼	童
澄	登
潑	發
潦	
潔	絜
澆	堯
潭	覃
潛	朁
潸	
潮	朝
澎	彭
潺	孱
潰	貴
潤	閏
澗	間
潘	番
滕	
潯	尋
潠	巽
潟	舄
熟	孰
熬	敖
熱	
熨	尉
牖	
犛	
獎	將
獗	厥
瑩	
璋	章
璃	离
瑾	
璀	崔
畿	
瘠	脊
瘩	荅
瘟	昷
瘤	留
瘦	叟
瘡	倉
瘢	般
皚	豈
皺	芻
盤	般
瞎	害
瞇	迷
瞌	盍
瞑	冥
瞋	真
磋	差
磅	旁
確	
磊	
碾	展
磕	盍
碼	馬
磐	般
稿	高
稼	家
穀	
稽	旨
稷	
稻	舀
窯	羔
窮	躬
箭	前
箱	相
範	
箴	咸
篆	彖
篇	扁
篁	皇
箠	垂
篌	侯
糊	胡
締	帝
練	柬
緯	韋
緻	致
緘	咸
緬	面
緝	咠
編	扁
緣	彖
線	泉
緞	段
緩	爰
綞	垂
緙	革
緲	眇
緹	是
罵	馬
罷	
羯	曷
翩	扁
耦	
膛	堂
膜	莫
膝	桼
膠	翏
膚	
膘	票
蔗	庶
蔽	敝
蔚	尉
蓮	連
蔬	疏
蔭	陰
蔓	曼
蔑	
蔣	將
蔡	祭
蔔	匐
蓬	逢
蔥	
蓿	宿
蔆	淩
螂	郎
蝴	胡
蝶	
蝠	畐
蝦	
蝸	
蝨	
蝙	扁
蝗	皇
蝌	科
蝓	
衛	韋
衝	重
褐	曷
複	复
褒	保
褓	保
褕	
褊	扁
誼	宜
諒	京
談	炎
諄	享
誕	延
請	青
諸	者
課	果
諉	委
諂	
調	周
誰	
論	侖
諍	爭
誶	卒
誹	非
諛	臾
豌	宛
豎	
豬	者
賠	
賞	尚
賦	武
賤	
賬	長
賭	者
賢	
賣	買
賜	易
質	
賡	庚
赭	者
趟	尚
趣	取
踫	並
踐	戔
踝	果
踢	易
踏	沓
踩	采
踟	知
踡	卷
踞	居
躺	尚
輝	軍
輛	兩
輟	
輩	非
輦	
輪	侖
輜	
輞	罔
輥	昆
適	
遮	庶
遨	敖
遭	曹
遷	
鄰	
鄭	奠
鄧	登
鄱	番
醇	享
醉	卒
醋	昔
醃	奄
鋅	辛
銻	弟
銷	肖
鋪	甫
銬	考
鋤	助
鋁	呂
銳	兌
銼	坐
鋒	
鋇	貝
鋰	里
銲	旱
閭	呂
閱	兌
霄	肖
霆	廷
震	辰
霉	每
靠	告
鞍	安
鞋	
鞏	
頡	吉
頫	
頜	合
颳	
養	
餓	我
餒	妥
餘	余
駝	它
駐	主
駟	四
駛	史
駑	奴
駕	加
駒	句
駙	付
骷	古
髮	
髯	冉
鬧	
魅	未
魄	白
魷	尤
魯	
鴆	
鴉	牙
鴃	
麩	夫
麾	
黎	
墨	黑
齒	
儒	需
儘	盡
儔	壽
儐	賓
儕	齊
冀	異
冪	
凝	疑
劑	齊
劓	
勳	
噙	禽
噫	意
噹	當
噩	
噤	禁
噸	頓
噪	
器	
噥	農
噱	
噯	愛
噬	
噢	奧
噶	葛
壁	辟
墾	
壇	
壅	雍
奮	
嬝	裊
嬴	
學	
寰	
導	道
彊	
憲	
憑	馮
憩	息
憊	備
懍	稟
憶	意
憾	感
懊	奧
懈	解
戰	單
擅	亶
擁	雍
擋	當
撻	達
撼	感
據	豦
擄	虜
擇	睪
擂	雷
操	喿
撿	僉
擒	禽
擔	詹
撾	過
整	正
曆	
曉	堯
暹	
曄	華
曇	
暸	
樽	尊
樸	
樺	華
橙	登
橫	黃
橘	矞
樹	
橄	敢
橢	隋
橡	象
橋	喬
橇	
樵	焦
機	幾
橈	堯
歙	翕
歷	
氅	敞
濂	廉
澱	殿
澡	喿
濃	農
澤	睪
濁	蜀
澧	豊
澳	奧
激	敫
澹	詹
澶	亶
澦	預
澠	黽
澴	
熾	
燉	敦
燐	
燒	堯
燈	登
燕	
熹	喜
燎	
燙	湯
燜	悶
燃	然
燄	
獨	蜀
璜	黃
璣	幾
璘	
璟	景
璞	
瓢	票
甌	區
甍	
瘴	章
瘸	
瘺	
盧	
盥	
瞠	堂
瞞	
瞟	票
瞥	敝
磨	麻
磚	專
磬	
磧	責
禦	御
積	責
穎	頃
穆	
穌	
穋	
窺	規
篙	高
簑	衰
築	
篤	
篛	弱
篡	算
篩	師
篦	
糕	羔
糖	唐
縊	益
縑	兼
縈	
縛	尃
縣	
縞	高
縝	真
縉	晉
縐	芻
罹	
羲	
翰	
翱	
翮	鬲
耨	辱
膳	善
膩	貳
膨	彭
臻	秦
興	
艘	叟
艙	倉
蕊	惢
蕙	惠
蕈	覃
蕨	厥
蕩	湯
蕃	番
蕉	焦
蕭	肅
蕪	無
蕞	最
螃	旁
螟	冥
螞	馬
螢	
融	虫
衡	行
褪	退
褲	庫
褥	辱
褫	虒
褡	荅
親	
覦	
諦	帝
諺	彥
諫	柬
諱	韋
謀	某
諜	
諧	皆
諮	咨
諾	若
謁	曷
謂	胃
諷	風
諭	
諳	音
諶	甚
諼	爰
豫	予
豭	
貓	苗
賴	
蹄	帝
踱	度
踴	勇
蹂	柔
踹	耑
踵	重
輻	
輯	
輸	
輳	奏
辨	
辦	
遵	尊
遴	
選	巽
遲	犀
遼	
遺	貴
鄴	業
醒	星
錠	定
錶	表
鋸	居
錳	孟
錯	昔
錢	
鋼	岡
錫	易
錄	
錚	爭
錐	
錦	
錡	奇
錕	昆
錮	固
錙	
閻	
隧	遂
隨	
險	僉
雕	周
霎	妾
霑	沾
霖	林
霍	
霓	兒
霏	非
靛	定
靜	青
靦	面
鞘	肖
頰	夾
頸	
頻	
頷	含
頭	豆
頹	禿
頤	
餐	
館	官
餞	戔
餛	昆
餡	
餚	肴
駭	亥
駢	并
駱	各
骸	亥
骼	各
髻	吉
髭	此
鬨	共
鮑	包
鴕	它
鴣	古
鴦	央
鴨	甲
鴒	令
鴛	
默	黑
黔	今
龍	
龜	
優	憂
償	賞
儡	畾
儲	諸
勵	厲
嚎	豪
嚀	寧
嚐	嘗
嚅	需
嚇	赫
嚏	
壕	豪
壓	厭
壑	
壎	
嬰	
嬪	賓
嬤	麼
孺	需
尷	監
屨	婁
嶼	與
嶺	領
嶽	獄
嶸	榮
幫	
彌	爾
徽	微
應	
懂	董
懇	
懦	需
懋	
戲	
戴	
擎	敬
擊	
擘	辟
擠	齊
擰	寧
擦	察
擬	疑
擱	閣
擢	翟
擭	
斂	僉
斃	敝
曙	署
曖	愛
檀	亶
檔	當
檄	
檢	
檜	會
櫛	節
檣	嗇
橾	
檗	辟
檐	詹
檠	敬
歜	蜀
殮	
毚	
氈	
濘	寧
濱	賓
濟	齊
濠	豪
濛	蒙
濤	壽
濫	監
濯	翟
澀	
濬	
濡	需
濩	
濕	
濮	僕
濰	維
燧	遂
營	
燮	
燦	
燥	喿
燭	蜀
燬	毀
燴	會
燠	奧
爵	
牆	嗇
獰	寧
獲	
璩	
環	
璦	愛
璨	
癆	勞
療	
癌	喦
盪	湯
瞳	童
瞪	登
瞰	敢
瞬	舜
瞧	焦
瞭	
矯	喬
磷	
磺	黃
磴	登
磯	幾
礁	焦
禧	喜
禪	單
穗	惠
窿	隆
簇	族
簍	婁
篾	
篷	逢
簌	
篠	條
糠	康
糜	
糞	
糢	莫
糟	曹
糙	造
糝	參
縮	宿
績	責
繆	翏
縷	婁
縲	累
繃	崩
縫	逢
總	
縱	從
繅	巢
繁	䋣
縴	牽
縹	票
繈	強
縵	曼
縿	參
縯	寅
罄	
翳	
翼	異
聱	敖
聲	
聰	
聯	
聳	從
臆	意
臃	雍
膺	
臂	辟
臀	殿
膿	農
膽	詹
臉	僉
膾	會
臨	品
舉	與
艱	艮
薪	新
薄	溥
蕾	雷
薜	辟
薑	
薔	嗇
薯	署
薛	
薇	微
薨	
薊	
虧	
蟀	率
蟑	章
螳	堂
蟒	莽
蟆	莫
螫	赦
螻	婁
螺	累
蟈	國
蟋	悉
褻	
褶	習
襄	
褸	婁
褽	尉
覬	豈
謎	迷
謗	旁
謙	兼
講	
謊	荒
謠	
謝	射
謄	
謐	
豁	害
谿	奚
豳	
賺	兼
賽	
購	
賸	
賻	
趨	芻
蹉	差
蹋	𦐇
蹈	舀
蹊	奚
轄	害
輾	展
轂	
轅	袁
輿	
避	辟
遽	豦
還	
邁	
邂	解
邀	敫
鄹	聚
醣	唐
醞	
醜	
鍍	度
鎂	美
錨	苗
鍵	建
鍊	柬
鍥	契
鍋	
錘	垂
鍾	重
鍬	秋
鍛	段
鍰	爰
鍚	
鍔	
闊	活
闋	癸
闌	柬
闈	韋
闆	
隱	
隸	
雖	唯
霜	相
霞	
鞠	匊
韓	
顆	果
颶	具
餵	畏
騁	
駿	
鮮	
鮫	交
鮪	有
鮭	圭
鴻	
鴿	合
麋	米
黏	占
點	占
黜	出
黝	幼
黛	代
鼾	干
齋	齊
叢	
嚕	魯
嚮	鄉
壙	廣
壘	
嬸	審
彝	
懣	滿
戳	翟
擴	廣
擲	鄭
擾	憂
攆	輦
擺	罷
擻	數
擷	頡
斷	
曜	翟
朦	蒙
檳	賓
檬	蒙
櫃	匱
檻	監
檸	寧
櫂	翟
檮	壽
檯	臺
歟	與
歸	
殯	賓
瀉	寫
瀋	審
濾	慮
瀆	賣
濺	賤
瀑	暴
瀏	劉
燻	
燼	盡
燾	壽
燸	需
獷	廣
獵	
璧	辟
璿	睿
甕	雍
癖	辟
癘	
癒	愈
瞽	鼓
瞿	
瞻	詹
瞼	
礎	楚
禮	豊
穡	嗇
穢	歲
穠	農
竄	
竅	
簫	肅
簧	黃
簪	朁
簞	單
簣	貴
簡	間
糧	量
織	戠
繕	善
繞	堯
繚	
繡	肅
繒	曾
繙	番
罈	覃
翹	堯
翻	番
職	
聶	
臍	齊
臏	賓
舊	臼
藏	臧
薩	
藍	監
藐	貌
藉	耤
薰	熏
薺	齊
薹	臺
薦	廌
蟯	堯
蟬	單
蟲	
蟠	番
覆	復
覲	
觴	
謨	莫
謹	
謬	
謫	
豐	
贅	
蹙	戚
蹣	
蹦	崩
蹤	從
蹟	責
蹕	畢
軀	區
轉	專
轍	
邇	爾
邃	遂
邈	貌
醫	
醬	將
釐	里
鎔	容
鎊	旁
鎖	
鎢	烏
鎳	臬
鎮	真
鎬	高
鎰	益
鎘	鬲
鎚	追
鎗	倉
闔	盍
闖	
闐	真
闕	
離	离
雜	
雙	
雛	芻
雞	奚
霤	留
鞣	柔
鞦	秋
鞭	便
韹	皇
額	客
顏	彥
題	是
顎	
顓	
颺	
餾	留
餿	叟
餽	鬼
餮	
馥	
騎	奇
髁	果
鬃	宗
鬆	松
魏	鬼
魎	兩
魍	罔
鯊	沙
鯉	里
鯽	即
鯈	
鯀	
鵑	
鵝	我
鵠	告
黠	吉
鼕	冬
鼬	由
儳	毚
嚥	燕
壞	
壟	龍
壢	歷
寵	龍
龐	龍
廬	盧
懲	徵
懷	褱
懶	賴
懵	瞢
攀	樊
攏	龍
曠	廣
曝	暴
櫥	廚
櫝	賣
櫚	閭
櫓	魯
瀛	嬴
瀟	蕭
瀨	賴
瀚	翰
瀝	歷
瀕	頻
瀘	盧
爆	暴
爍	樂
牘	賣
犢	賣
獸	
獺	賴
璽	爾
瓊	
瓣	
疇	壽
疆	
癟	
癡	疑
矇	蒙
礙	疑
禱	壽
穫	
穩	
簾	廉
簿	溥
簸	皮
簽	僉
簷	詹
籀	
繫	
繭	
繹	睪
繩	
繪	會
羅	
繳	
羶	
羹	
羸	
臘	
藩	潘
藝	
藪	數
藕	耦
藤	滕
藥	樂
藷	諸
蟻	義
蠅	
蠍	歇
蟹	解
蟾	詹
襠	當
襟	禁
襖	奧
襞	辟
譁	華
譜	普
識	
證	登
譚	覃
譎	
譏	幾
譆	喜
譙	焦
贈	曾
贊	
蹼	
蹲	尊
躇	著
蹶	厥
蹬	登
蹺	堯
蹴	就
轔	
轎	喬
辭	
邊	
邋	
醱	發
醮	焦
鏡	竟
鏑	
鏟	產
鏃	族
鏈	連
鏜	堂
鏝	曼
鏖	
鏢	票
鏍	累
鏘	將
鏤	婁
鏗	堅
鏨	斬
關	
隴	龍
難	
霪	淫
霧	務
靡	麻
韜	舀
韻	員
類	
願	原
顛	真
颼	叟
饅	曼
饉	堇
騖	
騙	扁
鬍	胡
鯨	京
鯧	昌
鯖	青
鯛	周
鶉	享
鵡	武
鵲	昔
鵪	奄
鵬	朋
麒	其
麗	
麓	鹿
麴	
勸	
嚨	龍
嚷	襄
嚶	嬰
嚴	
嚼	爵
壤	襄
孀	霜
孃	襄
孽	薛
寶	
巉	
懸	縣
懺	韱
攘	襄
攔	闌
攙	毚
曦	羲
朧	龍
櫬	親
瀾	闌
瀰	彌
瀲	斂
爐	盧
獻	
瓏	龍
癢	養
癥	徵
礦	廣
礪	厲
礬	樊
礫	樂
竇	賣
競	
籌	壽
籃	監
籍	耤
糯	需
糰	團
辮	
繽	賓
繼	
纂	
罌	
耀	翟
臚	盧
艦	監
藻	澡
藹	謁
蘑	磨
藺	
蘆	盧
蘋	頻
蘇	穌
蘊	
蠔	豪
蠕	需
襤	監
覺	
觸	蜀
議	義
譬	辟
警	敬
譯	睪
譟	
譫	詹
贏	
贍	詹
躉	
躁	喿
躅	蜀
躂	達
醴	
釋	
鐘	童
鐃	堯
鏽	肅
闡	單
霰	散
飄	票
饒	堯
饑	幾
馨	殸
騫	
騰	
騷	蚤
騵	原
鰓	
鰍	秋
鹹	咸
麵	面
黨	尚
鼯	吾
齟	且
齣	句
齡	令
儷	麗
儸	羅
囁	聶
囀	轉
囂	
夔	
屬	蜀
巍	魏
懼	瞿
懾	聶
攝	聶
攜	
斕	闌
曩	襄
櫻	嬰
欄	闌
櫺	
殲	
灌	雚
爛	闌
犧	羲
瓖	襄
瓔	嬰
癩	賴
矓	龍
籐	滕
纏	
續	賣
羼	
蘗	
蘭	闌
蘚	鮮
蠣	厲
蠢	春
蠡	
蠟	
襪	蔑
襬	罷
覽	
譴	遣
護	
譽	與
贓	臧
躊	壽
躍	翟
躋	齊
轟	
辯	
醺	
鐮	廉
鐳	雷
鐵	
鐺	當
鐸	睪
鐲	蜀
鐫	雋
闢	辟
霸	
霹	辟
露	路
響	鄉
顧	雇
顥	
饗	鄉
驅	區
驃	票
驀	莫
騾	累
髏	婁
魔	麻
魑	
鰭	耆
鰥	
鶯	
鶴	
鷂	
鶸	弱
麝	射
黯	音
鼙	卑
齜	此
齦	艮
齧	
儼	嚴
儻	黨
囈	藝
囊	襄
囉	羅
孿	
巔	顛
巒	
彎	
懿	壹
攤	難
權	
歡	
灑	麗
灘	難
玀	羅
瓤	襄
疊	
癮	隱
癬	鮮
禳	襄
籠	龍
籟	賴
聾	龍
聽	
臟	藏
襲	
襯	親
觼	
讀	賣
贖	賣
贗	
躑	鄭
躓	質
轡	
酈	麗
鑄	壽
鑑	監
鑒	
霽	齊
霾	
韃	達
韁	
顫	
饕	號
驕	喬
驍	堯
髒	葬
鬚	須
鱉	敝
鰱	連
鰾	票
鰻	曼
鷓	庶
鷗	區
鼴	
齬	吾
齪	足
龔	
囌	蘇
巖	嚴
戀	
攣	
攫	矍
攪	覺
曬	麗
欐	麗
瓚	贊
竊	
籤	韱
籣	闌
籥	龠
纓	嬰
纖	韱
纔	毚
臢	贊
蘸	
蘿	羅
蠱	
變	
邐	麗
邏	羅
鑣	
鑠	樂
鑤	暴
靨	厭
顯	
饜	厭
驚	敬
驛	睪
驗	
髓	
體	
髑	蜀
鱔	善
鱗	
鱖	厥
鷥	絲
麟	
黴	
囑	屬
壩	霸
攬	覽
灞	霸
癱	難
癲	顛
矗	
罐	雚
羈	
蠶	
蠹	
衢	瞿
讓	襄
讒	
讖	
艷	
贛	
釀	襄
鑪	盧
靂	歷
靈	
靄	謁
韆	遷
顰	頻
驟	聚
鬢	賓
魘	厭
鱟	
鷹	
鷺	路
鹼	僉
鹽	監
鼇	敖
齷	屋
齲	禹
廳	聽
欖	覽
灣	彎
籬	離
籮	羅
蠻	
觀	
躡	聶
釁	
鑲	襄
鑰	
顱	盧
饞	毚
髖	寬
鬣	
黌	黃
灤	
矚	屬
讚	贊
鑷	聶
韉	
驢	盧
驥	冀
纜	覽
讜	黨
躪	藺
釅	嚴
鑽	贊
鑾	
鑼	羅
鱷	噩
鱸	盧
黷	賣
豔	
鑿	
鸚	嬰
爨	
驪	麗
鬱	
鸛	
鸞	
籲	
乂	
乜	
凵	
匚	
厂	
万	
丌	
乇	
亍	
囗	
屮	
彳	
丏	
冇	
与	
丮	
亓	
仂	力
仉	
仈	八
冘	
勼	九
卬	
厹	
圠	
夃	
夬	
尐	
巿	
旡	
殳	
毌	
气	
爿	
丱	
丼	
仨	三
仜	工
仩	上
仡	乞
仝	工
仚	山
刌	寸
匜	也
卌	
圢	
圣	
夗	
夯	
宁	
宄	九
尒	
尻	九
屴	力
屳	山
帄	
庀	匕
庂	
忉	刀
戉	
扐	力
氕	
氶	
汃	八
氿	九
氻	力
犮	
犰	九
玊	
禸	
肊	乙
阞	力
伎	支
优	尤
伬	尺
仵	午
伔	
仱	今
伀	公
价	介
伈	心
伝	云
伂	
伅	屯
伢	牙
伓	不
伄	弔
仴	
伒	斤
冱	互
刓	元
刉	乞
刐	丹
劦	
匢	勿
匟	亢
卍	
厊	牙
吇	子
囡	
囟	
圮	己
圪	乞
圴	
夼	
妀	己
奼	
妅	工
奻	
奾	山
奷	千
奿	
孖	
尕	
尥	
屼	兀
屺	己
屻	刃
屾	
巟	亡
幵	
庄	
异	己
弚	
彴	
忕	
忔	乞
忏	千
扜	于
扞	干
扤	兀
扡	也
扦	千
扢	乞
扙	丈
扠	叉
扚	勺
扥	
旯	
旮	
朾	
朹	九
朸	力
朻	
机	几
朿	
朼	匕
朳	八
氘	
汆	
汒	亡
汜	巳
汏	
汊	叉
汔	乞
汋	勺
汌	川
灱	刀
牞	
犴	干
犵	
玎	
甪	
癿	
穵	
网	
艸	
艼	丁
芀	刀
艽	九
艿	乃
虍	
襾	
邙	亡
邗	干
邘	于
邛	工
邔	己
阢	兀
阤	也
阠	
阣	乞
佖	必
伻	平
佢	巨
佉	去
体	
佤	瓦
伾	丕
佧	卡
佒	央
佟	冬
佁	台
佘	
伭	玄
伳	世
伿	只
佡	
冏	
冹	
刜	弗
刞	且
刡	民
劭	召
劮	失
匉	平
卣	
卲	召
厎	氐
厏	乍
吰	
吷	
吪	化
呔	太
呅	文
吙	
吜	丑
吥	不
吘	
吽	
呏	升
呁	勻
吨	屯
吤	介
呇	
囮	化
囧	
囥	亢
坁	氏
坅	今
坌	分
坉	屯
坋	分
坒	比
夆	丰
奀	
妦	
妘	云
妠	內
妗	今
妎	介
妢	分
妐	公
妏	文
妧	元
妡	斤
宎	夭
宒	
尨	
尪	王
岍	
岏	元
岈	牙
岋	及
岉	勿
岒	今
岊	
岆	夭
岓	斤
岕	介
巠	
帊	巴
帎	
庋	支
庉	屯
庌	牙
庈	今
庍	
弅	分
弝	巴
彸	公
彶	及
忒	
忑	
忐	
忭	卞
忨	元
忮	支
忳	屯
忡	中
忤	午
忣	及
忺	欠
忯	氏
忷	凶
忻	斤
怀	
忴	今
戺	
抃	卞
抌	冘
抎	云
抏	元
抔	不
抇	
扱	及
扻	
扺	氏
扰	尤
抁	允
抈	月
扷	夭
扽	屯
扲	今
扴	介
攷	
旰	干
旴	于
旳	
旲	
旵	
杅	于
杇	
杙	
杕	
杌	兀
杈	叉
杝	也
杍	子
杚	乞
杋	凡
毐	
氙	山
氚	川
汸	方
汧	
汫	井
沄	云
沋	尤
沏	切
汱	犬
汯	
汩	
沚	止
汭	內
沇	允
沕	勿
沜	片
汦	氏
汳	反
汥	支
汻	午
沎	化
灴	工
灺	也
牣	刃
犿	
犽	牙
狃	丑
狆	中
狁	允
犺	亢
狅	
玕	干
玗	于
玓	
玔	川
玒	工
町	
甹	
疔	丁
疕	匕
皁	
礽	乃
耴	
肕	刃
肙	
肐	乞
肒	丸
肜	
芐	下
芏	土
芅	弋
芎	弓
芑	己
芓	子
芊	千
芃	凡
芄	丸
豸	
迉	
辿	山
邟	亢
邡	方
邥	
邞	夫
邧	元
邠	分
阰	比
阨	厄
阯	止
阭	允
丳	
侘	宅
佼	交
侅	亥
佽	次
侀	刑
侇	夷
佶	吉
佴	耳
侉	夸
侄	至
佷	艮
佌	此
侗	同
佪	回
侚	旬
佹	危
侁	先
佸	
侐	血
侜	舟
侔	牟
侞	如
侒	安
侂	
侕	而
佫	各
佮	合
冞	米
冼	先
冾	合
刵	耳
刲	圭
刳	夸
剆	
刱	
劼	吉
匊	
匋	
匼	合
厒	
厔	至
咇	
呿	去
咁	甘
咑	打
咂	匝
咈	弗
呫	占
呺	
呾	旦
呥	冉
呬	四
呴	句
呦	幼
咍	台
呯	平
呡	民
呠	本
咘	布
呣	母
呧	氐
呤	令
囷	
囹	令
坯	丕
坲	弗
坭	尼
坫	占
坱	央
坰	
坶	母
垀	乎
坵	丘
坻	氐
坳	幼
坴	
坢	半
坨	它
坽	令
夌	
奅	卯
妵	主
妺	末
姏	甘
姎	央
妲	旦
姌	冉
姁	句
妶	玄
妼	必
姃	正
姖	巨
妱	召
妽	申
姀	禾
姈	令
妴	
姇	付
孢	包
孥	奴
宓	必
宕	
屄	
屇	田
岮	它
岤	穴
岠	巨
岵	古
岯	丕
岨	且
岬	甲
岟	央
岣	句
岭	令
岢	可
岪	弗
岧	召
岝	乍
岥	皮
岶	白
岰	幼
岦	立
帗	
帔	皮
帙	失
弨	召
弢	
弣	付
弤	氐
彔	
徂	且
彾	令
彽	氐
忞	文
忥	
怭	必
怦	平
怙	古
怲	丙
怋	民
怴	
怊	召
怗	占
怳	
怚	且
怞	由
怬	四
怢	
怍	乍
怐	句
怮	幼
怓	奴
怑	半
怌	丕
怉	包
怜	令
戔	
戽	戶
抭	
抴	世
拑	甘
抾	去
抪	布
抶	失
拊	付
抮	
抳	尼
抯	且
抻	申
抩	冉
抰	央
抸	乏
攽	分
斨	
斻	
昉	方
旼	文
昄	反
昒	勿
昈	戶
旻	文
昃	仄
昋	
昍	
昅	及
旽	屯
昑	今
昐	分
曶	勿
朊	元
枅	
杬	元
枎	夫
枒	牙
杶	屯
杻	丑
枘	內
枆	毛
构	勾
杴	欠
枍	兮
枌	分
杺	心
枟	云
枑	互
枙	厄
枃	勻
杽	手
极	及
杸	
杹	化
枔	今
欥	
殀	夭
歾	勿
毞	比
氝	內
沓	
泬	穴
泫	玄
泮	半
泙	平
沶	
泔	甘
沭	朮
泧	戉
沷	犮
泐	
泂	
沺	田
泃	句
泆	失
泭	付
泲	
泒	瓜
泝	斥
沴	
沊	
沝	
沀	予
泞	宁
泀	司
洰	巨
泍	本
泇	加
沰	
泹	旦
泏	出
泩	生
泑	幼
炔	
炘	斤
炅	
炓	
炆	文
炄	丑
炑	木
炖	屯
炂	公
炚	
炃	分
牪	
狖	
狋	
狘	戉
狉	丕
狜	古
狒	弗
狔	尼
狚	旦
狌	生
狑	令
玤	
玡	牙
玭	比
玦	
玢	分
玠	介
玬	丹
玝	午
瓝	
瓨	工
甿	亡
畀	
甾	
疌	
疘	工
皯	干
盳	亡
盱	于
盰	干
盵	乞
矸	干
矼	工
矹	兀
矻	乞
矺	
矷	子
祂	
礿	
秅	
穸	夕
穻	于
竻	力
籵	
糽	
耵	
肏	
肮	亢
肣	今
肸	
肵	斤
肭	內
舠	刀
芠	文
苀	亢
芫	元
芚	屯
芘	比
芛	
芵	夬
芧	予
芮	內
芼	毛
芞	
芺	夭
芴	勿
芨	及
芡	欠
芩	今
苂	
芤	孔
苃	友
芶	勾
芢	仁
虰	
虯	
虭	刀
虮	几
豖	
迒	亢
迋	王
迓	牙
迍	屯
迖	
迕	午
迗	
邲	必
邴	丙
邯	甘
邳	丕
邰	台
阹	去
阽	占
阼	乍
阺	氐
陃	丙
俍	良
俅	求
俓	巠
侲	辰
俉	吾
俋	邑
俁	吳
俔	見
俜	甹
俙	希
侻	兌
侳	坐
俛	免
俇	狂
俖	
侺	岑
俀	妥
侹	廷
俬	私
剄	巠
剉	坐
勀	克
勂	告
匽	
卼	兀
厗	
厖	
厙	
厘	里
咺	
咡	耳
咭	吉
咥	至
哏	艮
哃	同
茍	句
咷	兆
咮	朱
哖	
咶	
哅	匈
哆	多
咠	
呰	此
咼	
咢	
咾	老
呲	此
哞	牟
咰	旬
垵	安
垞	宅
垟	羊
垤	至
垌	同
垗	兆
垝	危
垛	朵
垔	西
垘	伏
垏	聿
垙	光
垥	
垚	
垕	后
壴	
复	
奓	多
姡	
姞	吉
姮	
娀	戎
姱	夸
姝	朱
姺	先
姽	危
姼	多
姶	
姤	后
姲	安
姷	有
姛	同
姩	年
姳	名
姵	
姠	向
姾	全
姴	列
姭	
宨	兆
屌	吊
峐	亥
峘	
峌	至
峗	危
峋	旬
峛	列
峞	危
峚	
峉	各
峇	合
峊	
峖	安
峓	夷
峔	
峏	而
峈	各
峆	合
峎	
峟	有
峸	成
巹	
帡	并
帢	合
帣	
帠	
帤	如
庰	并
庤	寺
庢	至
庛	此
庣	兆
庥	休
弇	合
弮	
彖	
徆	西
怷	
怹	
恔	交
恲	并
恞	夷
恅	老
恓	西
恇	匡
恉	旨
恛	回
恌	兆
恀	多
恂	旬
恟	匈
怤	付
恄	吉
恘	休
恦	向
恮	全
扂	占
扃	
拏	奴
挍	交
挋	臣
拵	存
挎	夸
挃	至
拫	艮
拹	劦
挏	同
挌	各
拸	多
拶	
挀	
挓	宅
挔	
拺	
挕	
拻	灰
拰	任
敁	占
敃	民
斪	句
斿	
昶	
昡	玄
昲	弗
昵	尼
昜	
昦	
昢	
昳	失
昫	句
昺	丙
昝	
昴	卯
昹	
昮	功
朏	
朐	句
柁	它
柲	必
柈	半
枺	末
柜	巨
枻	世
柸	丕
柘	
柀	皮
枷	加
柅	尼
柫	弗
柤	且
柟	冉
枵	
柍	央
枳	只
柷	
柶	四
柮	出
柣	失
柂	
枹	包
柎	付
柧	瓜
柰	
枲	台
柼	
柆	立
柭	
柌	司
枮	占
柦	旦
柛	申
柺	
柉	
柊	冬
柃	令
柪	幼
柋	代
欨	句
殂	且
殄	
殶	主
毖	比
毘	比
毠	加
氠	申
氡	冬
洨	交
洴	并
洭	匡
洟	夷
洼	圭
洿	夸
洒	西
洊	存
泚	此
洳	如
洄	回
洙	朱
洺	名
洚	
洑	伏
洀	舟
洝	安
浂	
洁	吉
洘	考
洷	至
洃	灰
洏	而
浀	曲
洇	因
洠	牟
洬	夙
洈	危
洢	伊
洉	后
洐	行
炷	主
炟	旦
炾	兄
炱	台
炰	包
炡	正
炴	央
炵	冬
炩	令
牁	可
牉	半
牊	召
牬	
牰	由
牳	母
牮	
狊	
狤	吉
狨	戎
狫	老
狟	
狪	同
狦	
狣	兆
玅	少
珌	必
珂	可
珈	加
珅	申
玹	玄
玶	平
玵	甘
玴	世
珫	充
玿	召
珇	且
玾	甲
珃	冉
珆	台
玸	
珋	
瓬	方
瓮	公
甮	
畇	勻
畈	反
疧	氏
疪	比
癹	
盄	弔
眈	
眃	云
眄	
眅	反
眊	毛
盷	勻
盻	兮
盺	斤
矧	引
矨	
砆	夫
砑	牙
砒	比
砅	
砐	及
砏	分
砎	介
砉	
砃	丹
砓	
祊	方
祌	中
祋	
祅	夭
祄	介
秕	比
种	中
秏	毛
秖	氏
秎	分
窀	屯
穾	夭
竑	
笀	亡
笁	
籺	乞
籸	
籹	女
籿	寸
粀	丈
粁	千
紃	川
紈	丸
紁	
罘	不
羑	久
羍	
羾	工
耇	句
耎	
耏	而
耔	子
耷	大
胘	玄
胇	弗
胠	去
胑	只
胈	
胂	申
胐	出
胅	失
胣	
胙	乍
胜	生
胊	句
胕	付
胉	白
胏	
胗	
胦	央
胍	瓜
臿	
舡	工
芔	
苙	立
苾	必
苹	平
茇	
苨	尼
茀	弗
苕	召
茺	充
苫	占
苖	由
苴	且
苬	囚
苡	以
苲	乍
苵	失
茌	仕
苻	付
苶	
苰	弘
苪	丙
苤	丕
苠	民
苺	母
苳	冬
苭	幼
虷	干
虴	
虼	乞
虳	
衁	亡
衎	干
衧	于
衪	也
衩	叉
觓	
訄	九
訇	
赲	力
迣	世
迡	尼
迮	乍
迠	
郱	并
邽	圭
邿	寺
郕	成
郅	至
邾	朱
郇	旬
郋	自
郈	后
釔	乙
釓	
陔	亥
陏	有
陑	而
陓	夸
陊	多
陎	朱
倞	京
倅	卒
倇	宛
倓	炎
倢	疌
倰	夌
倛	其
俵	表
俴	戔
倳	事
倷	奈
倬	卓
俶	叔
俷	肥
倗	朋
倜	
倠	
倧	宗
倵	武
倯	松
倱	昆
倎	典
党	尚
冔	吁
冓	
凊	青
凄	妻
凅	固
凈	爭
凎	
剡	炎
剚	事
剒	昔
剞	奇
剟	
剕	非
剢	
勍	京
匎	奄
厞	非
唦	
哢	弄
唗	走
唒	酉
哧	赤
哳	折
哤	
唚	
哿	可
唄	貝
唈	邑
哫	足
唑	坐
唅	含
哱	
唊	夾
哻	旱
哷	
哸	妥
哠	告
唎	利
唃	角
唋	余
圁	言
圂	
埌	良
堲	即
埕	呈
埒	
垺	孚
埆	角
垽	
垼	役
垸	完
垶	辛
垿	序
埇	甬
埐	
垹	邦
埁	岑
夎	坐
奊	
娙	
娖	足
娭	矣
娮	言
娕	束
娏	
娗	廷
娊	見
娞	妥
娳	利
孬	
宧	
宭	君
宬	成
尃	甫
屖	辛
屔	尼
峬	甫
峿	吾
峮	君
峱	
峷	辛
崀	良
峹	余
帩	肖
帨	兌
庨	孝
庮	酉
庪	技
庬	
弳	
弰	肖
彧	
恝	
恚	圭
恧	
恁	任
悢	良
悈	戒
悀	甬
悒	邑
悁	肙
悝	里
悃	困
悕	希
悛	
悗	免
悇	余
悜	呈
悎	告
戙	同
扆	衣
拲	共
挐	如
捖	完
挬	孛
捄	求
捅	甬
挶	局
捃	君
揤	即
挹	邑
捋	
捊	孚
挼	妥
挩	兌
捁	告
挴	每
捘	
捔	角
捙	車
挭	更
捇	赤
挳	
捚	里
捑	
挸	見
捗	步
捀	夆
捈	余
敊	
敆	合
旆	巿
旃	丹
旄	毛
旂	斤
晊	至
晟	成
晇	夸
晑	向
朒	
朓	兆
栟	并
栚	
桉	安
栲	考
栳	老
栻	式
桋	夷
桏	
栖	西
栱	共
栜	
栵	列
栫	存
栭	而
栯	有
桎	至
桄	光
栴	丹
栝	
栒	旬
栔	
栦	州
栨	次
栮	耳
桍	夸
栺	旨
栥	次
栠	任
欬	亥
欯	吉
欭	因
欱	合
欴	
歭	寺
肂	
殈	血
毦	耳
毤	
毨	先
毣	
毢	西
毧	戎
氥	西
浺	
浣	完
浤	宏
浶	牢
洍	
浡	孛
涒	君
浘	尾
浢	豆
浭	更
浯	吾
涑	束
涍	孝
淯	育
浿	貝
涆	
浞	足
浧	呈
浠	希
涗	兌
浰	利
浼	免
浟	攸
涂	余
涘	矣
洯	
浨	
涋	
浾	
涀	見
涄	甹
洖	吳
涃	困
浻	
浽	妥
浵	彤
涐	我
烜	
烓	圭
烑	兆
烝	丞
烋	休
缹	缶
烢	宅
烗	亥
烒	式
烞	朴
烠	有
烔	同
烍	先
烅	血
烆	行
烇	全
烚	合
烎	
烡	
牂	
牸	
牷	全
牶	
猀	沙
狺	言
狴	
狾	折
狶	希
狳	余
狻	
猁	利
珓	交
珙	共
珥	耳
珖	光
玼	此
珧	兆
珣	旬
珩	行
珜	羊
珒	
珛	有
珔	存
珝	羽
珚	因
珗	先
珘	舟
珨	合
瓞	失
瓟	包
瓴	令
瓵	台
甡	
畛	
畟	
疰	主
痁	占
疻	只
痄	乍
痀	句
疿	弗
疶	世
疺	乏
皊	令
盉	
眝	
眛	未
眐	正
眓	
眒	申
眣	失
眑	幼
眕	
眙	台
眚	生
眢	
眧	召
砣	它
砬	立
砢	可
砵	本
砯	
砨	
砮	奴
砫	主
砡	玉
砩	弗
砳	
砪	母
砱	令
祔	付
祛	去
祏	石
祜	古
祓	犮
祒	召
祑	失
秫	朮
秬	巨
秠	丕
秮	台
秭	
秪	氐
秜	尼
秞	由
秝	
窆	
窉	丙
窅	
窋	出
窌	卯
窊	瓜
窇	包
竘	句
笐	亢
笄	
笓	比
笅	爻
笏	勿
笈	及
笊	爪
笎	元
笉	勻
笒	今
粄	反
粑	巴
粊	比
粌	引
粈	丑
粍	
粅	勿
紞	
紝	壬
紑	不
紎	
紘	
紖	引
紓	予
紟	今
紒	介
紏	斗
紌	尤
罜	主
罡	
罞	矛
罠	民
罝	且
罛	瓜
羖	
羒	分
翃	
翂	分
翀	中
耖	少
耾	
耹	今
胺	安
胲	亥
胹	而
胵	至
脁	兆
胻	行
脀	丞
舁	
舯	中
舥	巴
茳	江
茭	交
荄	亥
茙	戎
荑	夷
茥	圭
荖	老
茿	
荁	
茦	
茜	西
茢	列
荂	夸
荎	至
茛	艮
茪	光
茈	此
茼	同
荍	收
茖	各
茤	多
茠	休
茷	伐
茯	伏
茩	后
荇	行
荅	合
荌	安
荓	并
茞	臣
茬	在
荋	而
茧	
荈	舛
虓	
虒	
蚢	
蚨	夫
蚖	元
蚍	比
蚑	支
蚞	
蚇	尺
蚗	
蚆	巴
蚋	內
蚚	斤
蚅	厄
蚥	父
蚙	今
蚡	分
蚧	介
蚕	天
蚘	
蚎	
蚝	
蚐	勻
蚔	氏
衃	不
衄	
衭	夫
衵	日
衶	中
衲	內
袀	勻
衱	及
衿	今
衯	分
袃	
衾	今
衴	
衼	支
訒	刃
豇	工
豗	
豻	干
貤	也
貣	
赶	干
赸	
趵	
趷	乞
趶	于
軑	大
軓	凡
迾	列
迵	同
适	
迿	旬
迻	多
逄	
迼	吉
迶	有
郖	豆
郠	更
郙	甫
郚	吾
郣	孛
郟	夾
郥	貝
郘	呂
郛	孚
郗	希
郜	告
郤	谷
酐	干
酎	
酏	也
釕	了
釢	乃
釚	九
陜	夾
陟	
隼	
飣	丁
髟	
鬯	
乿	
偰	契
偪	
偡	甚
偞	
偠	要
偓	屋
偋	屏
偝	背
偲	思
偈	曷
偍	是
偁	
偛	臿
偊	禹
偢	秋
倕	垂
偅	重
偟	皇
偩	負
偫	
偣	音
偤	酋
偆	春
偀	英
偮	
偳	
偗	省
偑	風
凐	
剫	度
剭	屋
剬	
剮	
勖	冒
勓	皆
匭	軌
厜	垂
啵	波
啶	定
唼	妾
啍	享
啐	卒
唴	羌
唪	奉
啑	
啢	兩
唶	昔
唵	奄
唰	刷
啒	屈
啅	卓
唌	延
唲	兒
啥	舍
啎	吾
唹	於
啈	幸
唭	其
唻	來
啀	
啋	
圊	青
圇	侖
埻	享
堔	
埢	卷
埶	
埜	
埴	直
堀	屈
埭	
埽	
堈	岡
埸	易
堋	朋
埳	
埏	延
堇	
埮	炎
埣	卒
埲	奉
埥	青
埬	東
埡	亞
堎	
埼	奇
堐	
埧	具
堁	果
堌	固
埱	叔
埩	爭
埰	采
堍	兔
堄	兒
奜	非
婠	官
婘	卷
婕	
婧	青
婞	幸
娸	其
娵	取
婭	亞
婐	果
婟	固
婥	卓
婬	
婓	非
婤	周
婗	兒
婃	宗
婝	定
婒	炎
婄	
婛	京
婈	
媎	者
娾	
婍	奇
娹	弦
婌	叔
婰	典
婩	岸
婇	采
婑	委
婖	忝
婂	帛
婜	
孲	亞
孮	宗
寁	
寀	采
屙	阿
崞	享
崋	
崝	青
崚	
崠	東
崌	居
崨	
崍	來
崦	奄
崥	卑
崏	昏
崰	
崒	卒
崣	委
崟	金
崮	固
帾	者
帴	
庱	
庴	昔
庹	
庲	來
庳	卑
弶	京
弸	朋
徛	奇
徖	宗
徟	周
悊	折
悐	狄
悆	余
悾	空
悰	宗
悺	官
惓	卷
惔	炎
惏	林
惤	弦
惙	
惝	尚
惈	果
悱	非
惛	昏
悷	戾
惊	京
悿	忝
惃	昆
惍	金
惀	侖
挲	沙
捥	宛
掊	
掂	店
捽	卒
掽	並
掞	炎
掭	忝
掝	或
掗	亞
掫	取
掎	奇
捯	到
掇	
掐	臽
据	居
掯	肯
捵	
掜	兒
捭	卑
掮	肩
捼	委
掤	朋
挻	延
掟	定
捸	
掅	青
掁	長
掑	其
掍	昆
捰	果
敓	兌
旍	令
晥	完
晡	甫
晛	見
晙	
晜	
晢	折
朘	
桹	良
梇	弄
梐	
梜	夾
桭	辰
桮	否
梮	局
梫	
楖	即
桯	呈
梣	岑
梬	
梩	里
桵	妥
桴	孚
梲	兌
梏	告
桷	角
梒	含
桼	
桫	沙
桲	
梪	豆
梀	束
桱	
桾	君
梛	那
梖	貝
梋	
梠	呂
梉	壯
梤	分
桸	希
桻	
梑	狄
梌	余
梊	
桽	
欶	
欳	
欷	希
欸	矣
殑	
殏	求
殍	孚
殎	夾
殌	
氪	克
淀	定
涫	官
涴	宛
涳	空
湴	並
涬	幸
淩	
淢	或
涷	東
淶	來
淔	直
渀	奔
淈	屈
淠	
淟	典
淖	卓
涾	
淥	
淜	朋
淝	肥
淛	制
淴	忽
淊	
涽	昏
淭	
淰	念
涺	居
淕	
淂	
淏	
淉	果
淐	昌
淲	虎
淓	芳
淽	
淗	
淍	周
淣	兒
涻	舍
烺	良
焍	弟
烷	完
焗	局
烴	
焌	
烰	孚
焄	君
烳	甫
焐	吾
烼	
烿	彤
焆	
焓	含
焀	谷
烸	每
烶	廷
焋	壯
焂	
焎	
牾	吾
牻	
牼	
牿	告
猝	卒
猗	奇
猇	
猑	昆
猘	制
猊	兒
猈	卑
狿	延
猏	肩
猞	舍
玈	
珶	弟
珸	吾
珵	呈
琄	
琁	
珽	廷
琇	秀
琀	含
珺	君
珼	貝
珿	足
琌	
琋	希
珴	我
琈	孚
畤	寺
畣	合
痎	亥
痒	羊
痏	有
痋	
痌	同
痑	多
痐	回
皏	并
皉	此
盓	汙
眹	
眯	米
眭	圭
眱	夷
眲	耳
眴	旬
眳	名
眽	
眥	此
眻	羊
眵	多
硈	吉
硒	西
硉	聿
硍	艮
硊	危
硌	各
砦	此
硅	圭
硐	同
祤	羽
祧	兆
祩	朱
祪	危
祣	
祫	合
祡	此
离	
秺	宅
秸	吉
秶	次
秷	至
窏	汙
窔	交
窐	圭
笵	氾
筇	
笴	可
笥	司
笰	弗
笢	民
笤	召
笳	加
笘	占
笪	旦
笝	
笱	句
笫	
笭	令
笯	奴
笲	弁
笸	叵
笚	甲
笣	包
粔	巨
粘	占
粖	末
粣	冊
紵	
紽	它
紸	主
紶	去
紺	甘
絅	
紬	由
紩	失
絁	
絇	句
紾	
紿	台
絊	
紻	央
紨	付
罣	圭
羕	
羜	
羝	氐
羛	
翊	立
翋	立
翍	皮
翐	失
翑	句
翇	
翏	
翉	本
耟	巨
耞	加
耛	台
聇	正
聃	冉
聈	幼
脘	完
脥	夾
脙	求
脛	巠
脭	呈
脟	
脬	孚
脞	坐
脡	廷
脕	免
脧	
脝	亨
脢	每
舑	冉
舸	可
舳	
舺	甲
舴	乍
舲	令
艴	弗
莐	沈
莣	忘
莨	良
莍	求
荺	均
荳	豆
莤	酉
荴	扶
莏	
莁	巫
莕	杏
莙	君
荵	忍
莔	
莩	孚
荽	妥
莃	希
莌	兌
莝	坐
莛	廷
莪	我
莋	作
荾	
莥	
莯	沐
莈	沒
莗	車
莰	
荿	成
莦	肖
莇	助
莮	男
荶	吟
莚	延
虙	
虖	乎
蚿	玄
蚷	巨
蛂	
蛁	召
蛅	占
蚺	冉
蚰	由
蛈	失
蚹	付
蚳	氐
蚸	斥
蛌	瓜
蚴	幼
蚻	札
蚼	句
蛃	丙
蚽	丕
蚾	皮
衒	玄
袉	它
袕	穴
袨	玄
袢	半
袪	去
袚	
袑	召
袡	冉
袟	失
袘	
袧	句
袙	白
袛	氐
袗	
袤	矛
袬	
袌	包
袓	且
袎	幼
覂	乏
觖	
觙	及
觕	角
訰	屯
訧	尤
訬	少
訞	夭
谹	
谻	
豜	
豝	巴
豽	內
貥	
赽	
赻	
赹	勻
趼	
跂	支
趹	
趿	及
跁	巴
軘	屯
軞	毛
軝	氏
軜	內
軗	
軠	壬
軡	今
逤	沙
逋	甫
逑	求
逜	吾
逌	
逡	
郯	炎
郪	妻
郰	取
郴	林
郲	來
郳	兒
郔	延
郫	卑
郬	青
郩	肴
酖	
酘	
酚	分
酓	
酕	毛
釬	干
釴	
釱	大
釳	乞
釸	夕
釤	
釹	女
釪	于
釫	
釷	土
釨	子
釮	
镺	夭
閆	
閈	干
陼	者
陭	奇
陫	非
陱	
陯	侖
隿	
靪	
頄	九
飥	
馗	
傛	容
傕	
傔	兼
傞	差
傋	冓
傣	泰
傃	素
傌	馬
傎	真
傝	
偨	柴
傜	
傒	奚
傂	
傇	茸
兟	先
凔	倉
匒	
匑	躬
厤	
厧	真
喑	音
喨	亮
喥	度
喭	彥
啷	郎
噅	為
喢	
喓	要
喈	皆
喏	若
喵	苗
喁	
喣	
喒	
喤	皇
啽	
喌	州
喦	
啿	甚
喕	面
喡	韋
喎	
圌	
堩	恆
堷	音
堙	
堞	
堧	
堣	
堨	曷
埵	垂
塈	既
堥	
堜	柬
堛	
堳	眉
堿	咸
堶	
堮	
堹	重
堸	風
堭	皇
堬	
堻	津
奡	
媯	為
媔	面
媟	
婺	
媢	冒
媞	是
婸	
媦	胃
婼	若
媥	扁
媬	保
媕	
媮	
娷	垂
媄	美
媊	前
媗	宣
媃	柔
媋	春
媩	胡
婻	南
婽	
媌	苗
媜	貞
媏	
媓	皇
媝	秋
寪	為
寍	
寋	
寔	是
寑	侵
寊	貞
寎	丙
尌	
尰	重
崷	酋
嵃	彥
嵫	
嵁	甚
嵋	眉
崿	
崵	
嵑	曷
嵎	
嵕	
崳	
崺	施
嵒	
崽	
崱	則
嵙	科
嵂	律
崹	帝
嵉	亭
崸	
崼	是
崲	皇
崶	封
嵀	柱
嵅	咸
幄	屋
幁	
彘	
徦	
徥	是
徫	韋
惉	沾
悹	官
惌	宛
惢	
惎	其
惄	
愔	音
惲	軍
愊	
愖	甚
愅	革
惵	
愓	
惸	
惼	扁
惾	
惁	析
愃	宣
愘	客
愝	
愐	面
惿	是
愄	畏
愋	爰
扊	炎
掔	
掱	手
掰	
揎	宣
揥	帝
揨	亭
揯	恆
揃	前
撝	為
揳	契
揊	
揠	
揶	耶
揕	甚
揲	
揵	建
摡	既
揟	胥
掾	
揝	
揜	
揄	
揘	皇
揓	施
揂	酋
揇	南
揌	思
揋	畏
揈	
揰	重
揗	盾
揙	扁
攲	支
敧	奇
敪	
敤	果
敜	念
敨	
敥	炎
斌	
斝	
斞	臾
斮	昔
旐	兆
旒	
晼	宛
晬	卒
晻	奄
暀	往
晱	炎
晹	易
晪	典
晲	兒
朁	
椌	空
棓	
椄	妾
棜	於
椪	並
棬	卷
棪	炎
棱	夌
椏	亞
棖	長
棷	取
棫	或
棤	昔
棶	來
椓	
椐	居
棳	
棡	岡
椇	具
棌	采
椈	
楰	臾
梴	延
椑	卑
棯	念
棆	侖
椔	
棸	取
棐	非
棽	
棼	分
棨	
椋	京
椊	卒
椗	定
棎	
棈	青
棝	固
棞	
棦	爭
棴	服
棑	非
椆	周
棔	昏
棩	
椕	分
椥	知
棇	
欹	奇
欻	
欿	
欼	
殔	
殗	奄
殙	昏
殕	
殽	肴
毰	
毲	
毳	
氰	青
淼	
湆	音
湇	
渟	亭
湉	恬
溈	為
渼	美
渽	哉
湅	柬
湢	
渫	
渿	
湁	拾
湝	皆
湳	南
渜	
渳	弭
湋	韋
湀	癸
湑	胥
渻	省
渃	若
渮	苛
湞	貞
湨	
湜	是
湡	
渱	虹
渨	畏
湠	炭
湱	
湫	秋
渹	
渢	風
渰	
湓	盆
湥	突
渧	帝
湸	亮
湤	施
湷	春
湕	建
湹	
湒	
湦	星
渵	苗
渶	英
湚	胤
焠	卒
焞	享
焯	卓
烻	延
焮	欣
焱	
焣	取
焥	
焢	空
焲	夜
焟	昔
焨	
焺	
焛	
牋	
牚	
犈	卷
犉	享
犆	直
犅	岡
犋	具
猒	
猋	
猰	契
猢	胡
猱	柔
猳	
猧	
猲	曷
猭	
猦	風
猣	
猵	扁
猌	
琮	宗
琬	宛
琰	炎
琫	奉
琖	
琚	居
琡	叔
琭	
琱	周
琤	爭
琣	
琝	
琩	昌
琠	典
琲	非
瓻	希
甯	
畯	
畬	余
痧	沙
痚	孝
痡	甫
痦	吾
痝	
痟	肖
痤	坐
痗	每
皕	
皒	我
盚	求
睆	完
睇	弟
睄	肖
睍	見
睅	旱
睊	
睎	希
睋	我
睌	免
矞	
矬	坐
硠	良
硤	夾
硥	
硜	
硭	芒
硱	困
硪	我
确	角
硰	沙
硩	折
硨	車
硞	告
硢	余
祴	戒
祳	辰
祲	
祰	告
稂	良
稊	弟
稃	孚
稌	余
稄	
窙	孝
竦	
竤	宏
筊	交
笻	
筄	兆
筈	
筌	全
筎	如
筀	圭
筘	扣
筅	先
粢	次
粞	西
粨	百
粡	同
絘	次
絯	亥
絣	并
絓	圭
絖	光
絧	同
絪	因
絏	曳
絭	
絜	
絫	
絒	州
絔	百
絩	兆
絑	朱
絟	全
絎	行
缾	并
缿	后
罥	
罦	孚
羢	戎
羠	夷
羡	
翗	
聑	
聏	而
聐	吉
胾	
胔	此
腃	卷
腊	昔
腒	居
腏	
腇	委
脽	
腍	念
脺	卒
臦	
臮	
臷	
臸	至
臹	
舄	
舼	共
舽	
舿	
艵	并
茻	
菏	河
菹	沮
萣	定
菀	宛
菨	妾
萒	
菧	底
菤	卷
菼	炎
菶	奉
萐	
菆	取
菈	拉
菫	
菣	
莿	刺
萁	其
菝	拔
菥	析
菘	松
菿	到
菡	函
菋	味
菎	昆
菖	昌
菵	罔
菉	
萉	肥
萏	
菞	
萑	
萆	卑
菂	的
菳	
菕	侖
菺	肩
菇	姑
菑	
菪	
萓	宜
菃	
菬	沼
菮	庚
菄	東
菻	林
菗	抽
菢	抱
萛	
菛	門
菾	忝
蛘	羊
蛢	并
蛦	夷
蛓	
蛣	吉
蛚	列
蛪	
蛝	艮
蛫	危
蛜	伊
蛬	共
蛩	
蛗	
蛨	百
蛑	牟
衈	耳
衖	共
衕	同
袺	吉
裗	
袹	百
袸	存
裀	因
袾	朱
袶	
袼	各
袷	合
袽	如
袲	
褁	
裉	艮
覕	
覘	占
覗	司
觝	氐
觚	瓜
觛	旦
詎	巨
詍	世
訹	朮
詙	
詀	占
詗	
詘	出
詄	失
詅	令
詒	台
詈	
詑	它
詊	半
詌	甘
詏	幼
豟	
貁	
貀	出
貺	
貾	氐
貰	世
貹	生
貵	
趄	且
趀	
趉	出
跘	半
跓	主
跍	古
跇	世
跖	石
跜	尼
跏	加
跕	占
跙	且
跈	
跗	付
跅	斥
軯	平
軷	
軺	召
軹	只
軦	
軮	央
軥	句
軵	付
軧	氐
軨	令
軶	
軫	
軱	瓜
軬	
軴	主
軩	台
逭	官
逴	卓
逯	
鄆	軍
鄬	為
鄄	
郿	眉
郼	韋
鄈	癸
郹	
郻	
鄁	背
鄀	若
鄇	侯
鄅	禹
鄃	俞
酡	它
酤	古
酟	占
酢	乍
酠	可
鈁	方
鈊	心
鈥	
鈃	
鈚	比
鈦	太
鈏	引
鈌	
鈀	巴
鈒	及
釿	斤
釽	
鈆	公
鈄	斗
鈧	
鈂	
鈜	
鈤	日
鈙	
鈗	允
鈅	月
鈖	分
镻	失
閍	方
閌	
閐	
隇	威
陾	
隈	畏
隉	
隃	俞
隀	重
雂	今
雈	
雃	
雱	方
雰	分
靬	干
靰	兀
靮	
頇	干
颩	
飫	
鳦	乙
黹	
亃	
亄	壹
亶	旦
傽	章
傿	焉
僆	連
傮	曹
僄	票
僊	
傴	區
僈	曼
僂	婁
傰	崩
僁	悉
傺	
傱	從
僋	貪
僉	
傶	戚
傸	爽
凗	崔
剺	
剸	專
剻	崩
剼	參
嗃	高
嗛	兼
嗌	益
嗐	害
嗋	脅
嗊	貢
嗝	鬲
嗀	
嗔	真
嗄	夏
嗩	
喿	
嗒	
喍	柴
嗏	茶
嗕	辱
嗢	
嗖	叟
嗈	邕
嗲	爹
嗍	朔
嗙	旁
嗂	
圔	盍
塓	冥
塨	恭
塤	員
塏	豈
塍	
塉	脊
塯	留
塕	翁
塎	容
塝	旁
塙	高
塥	鬲
塛	栗
堽	
塣	
塱	朗
壼	
嫇	冥
嫄	原
嫋	弱
媺	
媸	蚩
媱	
媵	
媰	芻
媿	鬼
嫈	
媻	般
嫆	容
媷	辱
嫀	秦
嫊	素
媴	袁
媶	茸
嫍	舀
媹	留
媐	
寖	浸
寘	真
寙	
尟	
尳	骨
嵱	容
嵣	唐
嵊	乘
嵥	桀
嵲	臬
嵬	鬼
嵞	余
嵨	烏
嵧	留
嵢	倉
巰	
幏	家
幎	冥
幊	貢
幍	舀
幋	般
廅	盍
廌	
廆	鬼
廋	叟
廇	留
彀	
徯	奚
徭	
惷	春
慉	畜
慊	兼
愫	素
慅	蚤
愶	脅
愲	骨
愮	
慆	舀
愯	
慏	冥
愩	貢
慀	奚
戠	
酨	
戣	癸
戥	
戤	
揅	研
揱	削
揫	秋
搐	畜
搒	旁
搉	
搠	朔
搤	益
搳	害
摃	貢
搟	軒
搕	盍
搘	耆
搹	鬲
搷	真
搢	晉
搣	
搌	展
搦	弱
搰	骨
搨	
摁	恩
搵	
搯	舀
搊	芻
搚	脅
摀	烏
搥	追
搧	扇
搋	
揧	剌
搛	兼
搮	栗
搡	桑
搎	孫
敯	
斒	扁
旓	肖
暆	施
暌	癸
暕	柬
暐	韋
暋	
暊	
暙	春
暔	南
晸	政
朠	英
楦	宣
楟	亭
椸	施
楎	軍
楢	酋
楱	奏
椿	春
楅	
楪	
椹	甚
楂	查
楗	建
楙	矛
楺	柔
楈	胥
楉	若
椵	
楬	曷
椳	畏
椽	
楥	爰
棰	垂
楸	秋
椴	段
楩	便
楀	禹
楯	盾
楄	扁
楶	
楘	
楁	客
楴	帝
楌	彥
椻	
楋	剌
椷	咸
楜	胡
楏	奎
楑	癸
椲	韋
楒	思
椯	
楻	皇
椼	衍
歆	音
歅	
歃	
歂	
歈	俞
歁	甚
殛	亟
毻	
毼	曷
毹	俞
毷	冒
毸	
溛	
滖	衰
滈	高
溏	唐
滀	畜
溟	冥
溓	兼
溔	羔
溠	差
溱	秦
溹	索
滆	鬲
滒	哥
溽	辱
滁	除
溞	蚤
滉	晃
溷	
溰	豈
滍	蚩
溦	
滏	釜
溲	叟
溾	鬼
滃	翁
滜	
滘	
溙	泰
溒	袁
溎	桂
溍	晉
溤	馬
溡	時
溿	畔
溳	員
滐	桀
滊	氣
溗	乘
溮	師
溣	倫
煇	軍
煔	占
煒	韋
煣	柔
煠	
煁	甚
煝	眉
煢	
煲	保
煸	扁
煪	酋
煡	建
煂	革
煘	咸
煃	奎
煋	星
煰	
煟	胃
煐	英
煓	
煄	重
煍	秋
煚	
牏	俞
犍	建
犌	
犑	
犐	科
犎	封
猼	
獂	原
猻	孫
猺	
獀	叟
獊	倉
獉	秦
瑄	宣
瑊	咸
瑋	韋
瑒	
瑑	
瑗	爰
瑀	禹
瑏	穿
瑐	前
瑎	皆
瑂	眉
瑆	星
瑍	奐
瑔	泉
瓡	
瓿	
瓾	
瓽	尚
甝	甘
畹	宛
畷	
榃	
痯	官
瘏	者
瘃	
痷	奄
痾	阿
痼	固
痹	畀
痸	制
瘐	臾
痻	昏
痶	典
痭	朋
痵	季
痽	
皙	析
皵	昔
盝	
睕	宛
睟	卒
睠	卷
睒	炎
睖	
睚	
睩	
睧	昏
睔	侖
睙	戾
睭	周
矠	昔
碇	定
碚	
碔	武
碏	昔
碄	林
碕	奇
碅	
碆	波
碡	毒
碃	青
硹	松
碙	岡
碀	爭
碖	侖
硻	
祼	果
禂	周
祽	卒
祹	匋
稑	
稘	其
稙	直
稒	固
稗	卑
稕	享
稢	或
稓	昔
稛	
稐	侖
窣	卒
窢	或
窞	
竫	爭
筦	完
筤	良
筭	
筴	夾
筩	甬
筲	肖
筥	呂
筳	廷
筱	
筰	作
筡	余
筸	旱
筶	告
筣	利
粲	
粴	里
粯	見
綈	弟
綆	更
綀	束
綍	
絿	求
綅	
絺	希
綎	廷
絻	免
綃	肖
絼	
綌	谷
綔	夸
綄	完
絽	呂
綒	孚
罭	或
罫	卦
罧	林
罨	奄
罬	
羦	完
羥	
羧	
翛	
翜	夾
耡	助
腤	音
腠	奏
腷	
腜	某
腩	南
腛	屋
腢	
腲	畏
朡	
腞	
腶	段
腧	俞
腯	盾
腄	垂
腡	咼
舝	
艉	尾
艄	肖
艀	孚
艂	
艅	余
蓱	
萿	活
葖	突
葶	亭
葹	施
蒏	
蒍	為
葥	前
葑	封
葀	括
蒆	
葧	勃
萰	柬
葍	
葽	要
葚	甚
葙	相
葴	咸
葳	威
葝	勁
蔇	既
葞	弭
萷	削
萺	冒
萴	則
葺	咠
葃	昨
葸	思
萲	爰
葅	俎
萩	秋
菙	垂
葋	
萯	負
葂	勉
萭	禹
葟	皇
葰	俊
萹	扁
葎	律
葌	姦
葒	紅
葯	約
蓅	流
蒎	派
萻	音
葇	柔
萶	春
萳	南
葨	畏
葾	怨
葄	
萫	香
葠	侵
葔	侯
葮	段
葐	盆
蜋	良
蜄	辰
蛷	求
蜌	
蛺	夾
蛖	
蛵	
蝍	即
蛸	肖
蜎	
蜉	孚
蜁	
蛶	
蜍	余
蜅	甫
裖	辰
裋	豆
裍	困
裎	呈
裞	兌
裛	邑
裚	
裌	夾
裐	肙
覅	要
覛	
觟	圭
觥	光
觤	危
觡	各
觠	
觢	
觜	此
触	虫
詶	州
誆	匡
詿	圭
詡	羽
訿	此
詷	同
誂	兆
誄	耒
詵	先
誃	多
誁	并
詴	有
詺	名
谼	共
豋	
豊	
豥	亥
豤	艮
豦	
貆	
貄	
貅	休
賌	亥
赨	
赩	
趑	次
趌	吉
趎	朱
趏	
趍	多
趓	朵
趔	列
趐	
趒	兆
跰	并
跠	夷
跬	圭
跱	寺
跮	至
跐	此
跩	曳
跣	先
跢	多
跧	全
跲	合
跫	
跴	西
輆	亥
軿	并
輁	共
輀	而
輅	各
輇	全
輈	舟
輂	車
輋	車
遒	酋
逿	昜
遄	耑
遉	貞
逽	若
鄐	畜
鄍	冥
鄏	辱
鄑	晉
鄖	員
鄔	烏
鄋	叟
鄎	息
酮	同
酯	旨
鉈	它
鉒	主
鈰	市
鈺	玉
鉦	正
鈳	可
鉥	朮
鉞	
銃	充
鈮	尼
鉊	召
鉆	占
鉭	旦
鉬	目
鉏	且
鉠	央
鉧	母
鉯	以
鈶	台
鉡	半
鉰	司
鈱	民
鉔	匝
鉣	
鉐	石
鉲	卡
鉎	生
鉓	
鉌	禾
鉖	冬
鈲	瓜
閟	必
閜	可
閞	弁
閛	平
隒	兼
隓	
隑	豈
隗	鬼
雎	且
雺	矛
雽	
雸	甘
雵	央
靳	斤
靷	引
靸	及
靲	今
頏	
頍	
頎	斤
颬	牙
飶	必
飹	
馯	干
馲	
馰	
馵	
骭	干
骫	丸
魛	刀
鳪	卜
鳭	
鳧	
麀	
黽	
僦	就
僔	尊
僗	勞
僨	賁
僳	粟
僛	欺
僪	
僝	孱
僤	單
僓	貴
僬	焦
僰	
僯	
僣	替
僠	番
凘	斯
劀	
劁	焦
勩	
勫	番
匰	單
厬	
嘧	密
嘕	焉
嘌	票
嘒	彗
嗼	莫
嘏	古
嘜	麥
嘁	戚
嘓	國
嘂	
嗺	崔
嘝	
嘄	梟
嗿	貪
嗹	連
墉	庸
塼	專
墐	
墘	
墆	帶
墁	曼
塿	婁
塴	崩
墋	參
塺	麻
墇	章
墑	
墎	郭
塶	鹿
墂	票
墈	勘
塻	莫
墔	崔
墏	將
壾	巨
奫	淵
嫜	章
嫮	
嫥	專
嫕	
嫪	
嫚	曼
嫭	
嫫	莫
嫳	敝
嫢	規
嫠	
嫛	
嫬	庶
嫞	庸
嫝	康
嫙	旋
嫨	
嫟	匿
孷	
寠	婁
寣	
屣	徙
嶂	章
嶀	
嵽	帶
嶆	曹
嵺	
嶁	婁
嵷	從
嶊	推
嶉	唯
嶈	將
嵾	參
嵼	產
嶍	習
嵹	強
嵿	頂
幘	責
幙	莫
幓	參
廘	鹿
廑	堇
廗	帶
廎	頃
廜	屠
廕	陰
廙	異
廒	敖
廔	婁
彄	區
彃	畢
彯	票
徶	敝
愬	朔
愨	
慁	
慞	章
慱	專
慳	堅
慒	曹
慓	票
慲	
慬	堇
憀	翏
慴	習
慔	莫
慺	婁
慛	崔
慥	造
愻	孫
慪	區
慡	爽
慖	國
戩	晉
戧	倉
戫	
搫	般
摍	宿
摛	
摝	鹿
摴	
摶	專
摲	斬
摳	區
摽	票
摵	戚
摦	瓠
撦	奢
摎	翏
撂	
摞	累
摜	貫
摋	殺
摓	逢
摠	
摐	
摿	音
搿	合
摬	竟
摫	規
摙	連
摥	傷
摷	巢
敳	豈
斠	
暡	翁
暠	高
暟	豈
朅	曷
朄	
朢	
榱	衰
榶	唐
槉	疾
榠	冥
槎	差
榖	
榰	耆
榬	袁
榼	盍
榑	
榙	
榎	夏
榧	匪
榍	屑
榩	虔
榾	骨
榯	時
榿	豈
槄	舀
榽	奚
榤	桀
槔	
榹	
槊	朔
榚	羔
槏	兼
榳	庭
榓	
榪	馬
榡	素
榞	原
槙	真
榗	晉
榐	展
槂	孫
榵	茸
榥	晃
槆	荀
歊	高
歍	烏
歋	
殞	員
殟	
殠	臭
毃	高
毄	
毾	
滎	
滵	密
滱	寇
漃	寂
漥	
滸	
漷	郭
滻	產
漮	康
漉	鹿
潎	敝
漙	專
漚	區
漧	乾
漘	脣
漻	翏
漒	強
滭	畢
漊	婁
漶	患
潳	屠
滹	
滮	彪
漭	莽
潀	眾
漰	崩
漼	崔
漵	敘
滫	脩
漇	徙
漎	從
潃	
漅	巢
滽	庸
滶	敖
漹	焉
漜	
滼	梵
漺	爽
漟	堂
漍	國
漞	覓
漈	祭
漡	
熇	高
熐	冥
熉	員
熀	晃
熅	
熂	氣
熏	
煻	唐
熆	盍
熁	脅
熗	倉
牄	倉
牓	旁
犗	害
犕	
犓	芻
獃	豈
獍	竟
獑	斬
獌	曼
瑢	容
瑳	差
瑱	真
瑵	蚤
瑲	倉
瑧	秦
瑮	栗
甀	垂
甂	扁
甃	秋
畽	重
疐	
瘖	音
瘈	契
瘌	剌
瘕	
瘑	咼
瘊	侯
瘔	苦
皸	軍
瞁	
睼	是
瞅	秋
瞂	
睮	俞
瞀	
睯	
睾	
瞃	盾
碲	帝
碪	甚
碴	查
碭	
碨	畏
硾	垂
碫	段
碞	
碥	扁
碠	亭
碬	
碢	
碤	英
禘	帝
禊	契
禋	垔
禖	某
禕	韋
禔	是
禓	昜
禗	思
禈	軍
禒	
禐	爰
稫	
穊	既
稰	胥
稯	
稨	扁
稦	韋
窨	音
窫	契
窬	俞
竮	屏
箈	治
箜	空
箊	於
箑	
箐	青
箖	林
箍	
箌	到
箛	孤
箎	
箅	
箘	
劄	答
箙	服
箤	卒
箂	來
粻	長
粿	果
粼	
粺	卑
綧	享
綷	卒
緂	炎
綣	卷
綪	青
緁	疌
緀	妻
緅	取
綝	林
緎	或
緄	昆
緆	易
緋	非
緌	委
綯	匋
綹	咎
綖	延
綼	卑
綟	戾
綦	其
綮	
綩	宛
綡	京
緉	兩
罳	思
翢	周
翣	妾
翥	者
翞	京
耤	昔
聝	或
聜	
膉	益
膆	素
膃	
膇	追
膍	
膌	脊
膋	
舕	炎
蒗	浪
蒤	
蒡	旁
蒟	
蒺	疾
蓎	唐
蓂	冥
蒬	冤
蒮	
蒫	差
蒹	兼
蒴	朔
蓁	秦
蓍	耆
蒪	
蒚	鬲
蒱	捕
蓐	辱
蒝	原
蒧	占
蒻	弱
蒢	除
蒔	時
蓇	骨
蓌	
蒛	缺
蒩	租
蒯	
蒨	倩
蓖	
蒘	
蒶	紛
蓏	
蒠	息
蓗	
蓔	羔
蓒	軒
蓛	
蒰	般
蒑	殷
虡	
蜳	享
蜣	羌
蜨	
蝫	者
蝀	東
蜮	或
蜞	其
蜡	昔
蜙	松
蜛	居
蝃	
蜬	函
蝁	亞
蜾	果
蝆	羋
蜠	
蜲	委
蜪	
蜭	
蜼	
蜒	延
蜺	兒
蜱	卑
蜵	
蝂	版
蜦	侖
蜧	戾
蜸	
蜤	析
蜚	非
蜰	肥
蜑	延
裷	卷
裧	炎
裱	表
裲	兩
裺	奄
裾	居
裮	昌
裼	易
裶	非
裻	叔
裰	
裬	
裫	
覝	
覡	
覟	志
覞	
觩	求
觫	束
觨	
誫	辰
誙	
誋	忌
誒	矣
誏	良
誖	
谽	含
豨	希
豩	
賕	求
賏	
賗	串
趖	坐
踉	良
踂	
跿	
踍	孝
跽	忌
踊	甬
踃	肖
踇	每
踆	
踅	
跾	
踀	足
踄	步
輐	完
輑	君
輎	肖
輍	谷
鄣	章
鄜	
鄠	
鄢	焉
鄟	專
鄝	翏
鄚	莫
鄤	曼
鄡	梟
鄛	巢
酺	甫
酲	呈
酹	
酳	
銥	衣
銤	米
鉶	刑
銛	
鉺	耳
銠	老
銔	
銪	有
銍	至
銦	因
銚	兆
銫	色
鉹	多
銗	后
鉿	合
銣	如
鋮	成
銎	
銂	州
銕	夷
銢	
鉽	式
銈	
銡	吉
銊	戌
銆	百
銌	存
銙	夸
銧	光
鉾	牟
銇	耒
銩	丟
銝	休
銋	任
鈭	此
隞	敖
隡	
雿	兆
靘	青
靽	半
靺	末
靾	世
鞃	弘
鞀	召
鞂	
靻	且
鞄	包
鞁	
靿	幼
韎	
韍	
頖	半
颭	占
颮	包
餂	
餀	艾
餇	同
馝	必
馜	尼
駃	
馹	日
馻	允
馺	及
駂	
馽	
駇	
骱	介
髣	方
髧	
鬾	支
鬿	斤
魠	
魡	
魟	工
鳱	干
鳲	尸
鳵	
麧	
僿	塞
儃	亶
儰	
僸	禁
儆	敬
儇	
僶	
僾	愛
儋	詹
儌	
僽	愁
儊	楚
劋	
劌	歲
勱	
勯	
噈	就
噂	尊
噌	曾
嘵	堯
噁	惡
噊	
噉	敢
噆	
噘	厥
噚	尋
噀	巽
嘳	貴
嘽	單
嘬	最
嘾	覃
嘸	無
嘪	買
嘺	喬
圚	貴
墫	尊
墝	堯
墱	登
墠	單
墣	
墯	惰
墬	
墥	童
墡	善
壿	尊
嫿	畫
嫴	辜
嫽	
嫷	隋
嫶	焦
嬃	須
嫸	善
嬂	
嫹	
嬁	登
嬇	貴
嬅	華
嬏	番
屧	
嶙	
嶗	勞
嶟	尊
嶒	曾
嶢	堯
嶓	番
嶕	焦
嶠	喬
嶜	
嶡	厥
嶚	
嶞	隋
幩	賁
幝	單
幠	無
幜	景
緳	絜
廛	
廞	欽
廡	無
彉	黃
徲	犀
憋	敝
憃	舂
慹	執
憱	就
憰	矞
憢	堯
憉	彭
憛	覃
憓	惠
憯	朁
憭	
憟	粟
憒	貴
憪	閒
憡	策
憍	喬
慦	救
憳	
戭	寅
摮	敖
摰	
撖	敢
撠	戟
撅	厥
撗	黃
撜	登
撏	尋
撋	閏
撊	閒
撌	貴
撣	單
撟	喬
摨	
撱	隋
撘	答
敶	陳
敺	區
敹	
敻	
斲	
斳	
暵	
暰	從
暩	祭
暲	章
暷	專
暪	
暯	莫
樀	
樆	
樗	
槥	彗
槸	
樕	
槱	
槤	連
樠	
槿	
槬	瓠
槢	習
樛	
樝	
槾	曼
樧	殺
槲	
槮	參
樔	巢
槷	
槧	斬
橀	
樈	竟
槦	庸
槻	規
樍	責
槼	規
槫	專
樉	爽
樄	陳
樘	堂
樥	
樏	累
槶	國
樦	
樇	脩
槴	扈
樖	
歑	
殥	寅
殣	
殢	帶
殦	鳥
氁	莫
氀	婁
毿	參
氂	
潁	頃
漦	
潾	
澇	勞
濆	賁
澒	
澍	尌
澉	敢
澌	斯
潢	黃
潏	矞
澅	畫
潚	肅
澖	閑
潶	黑
潬	單
澂	
潕	無
潲	稍
潒	象
潐	焦
潗	集
澔	皓
澓	復
潝	翕
漀	
潡	敦
潫	
潽	普
潧	曾
澐	雲
潓	惠
澋	景
潩	異
潿	圍
澕	華
潣	閔
潷	筆
潪	智
潻	黍
熲	頃
熯	
熛	票
熰	區
熠	習
熚	畢
熩	扈
熵	
熝	鹿
熥	通
熞	堅
熤	翌
熡	婁
熪	移
熜	
熧	從
熳	曼
犘	麻
犚	尉
獘	敝
獒	敖
獞	童
獟	堯
獠	
獝	
獛	
獡	
獚	黃
獙	敝
獢	喬
璇	旋
璉	連
璊	
璆	
璁	
瑽	從
璅	巢
璈	敖
瑼	專
瑹	荼
甈	
甇	
畾	
瘥	差
瘞	
瘙	蚤
瘝	
瘜	息
瘣	鬼
瘚	
瘨	真
瘛	
皜	高
皝	
皞	
皛	
瞍	叟
瞏	
瞉	
瞈	翁
磍	害
碻	高
磏	兼
磌	真
磑	豈
磎	奚
磔	
磈	鬼
磃	
磄	唐
磉	桑
禚	
禡	馬
禠	
禜	
禢	
禛	真
歶	
稹	真
窲	料
窴	真
窳	
箷	施
篋	
箾	削
箬	若
篎	眇
箯	便
箹	約
篊	洪
箵	省
糅	柔
糈	胥
糌	
糋	前
緷	軍
緛	
緪	恆
緧	酋
緗	相
緡	
縃	胥
緺	咼
緦	思
緶	便
緱	侯
緰	俞
緮	复
緟	重
罶	留
羬	咸
羰	炭
羭	
翭	侯
翫	元
翪	
翬	軍
翦	前
翨	是
聤	亭
聧	癸
膣	窒
膟	率
膞	專
膕	國
膢	婁
膙	強
膗	崔
舖	甫
艏	首
艓	
艒	冒
艐	
艎	皇
艑	扁
蔤	密
蔻	寇
蔏	商
蔀	部
蔩	寅
蔎	設
蔉	袞
蔍	鹿
蔟	族
蔊	焊
蔧	彗
蔜	敖
蓻	
蔫	焉
蓺	
蔈	票
蔌	
蓴	專
蔪	斬
蓲	區
蔕	帶
蓷	推
蓫	逐
蓳	堇
蓼	翏
蔒	
蓪	通
蓩	務
蔖	
蓾	
蔨	圈
蔝	
蔮	國
蔂	累
蓽	畢
蔞	婁
蓶	唯
蔱	殺
蔦	鳥
蓧	條
蓨	脩
蓰	徙
蓯	從
蓹	御
蔘	參
蔠	終
蔰	扈
蔋	
蔙	旋
蔯	陳
虢	
蝖	宣
蝣	
蝤	酋
蝷	
蟡	為
蝳	毒
蝘	
蝔	皆
蝛	威
蝒	面
蝡	
蝚	柔
蝑	胥
蝞	眉
蝭	是
蝪	
蝐	冒
蝎	曷
蝟	胃
蝝	
蝯	爰
蝬	
蝺	禹
蝮	
蝜	負
蝥	
蝏	亭
蝻	南
蝵	秋
蝢	
蝧	英
蝩	重
衚	胡
褅	帝
褌	軍
褔	
褋	
褗	匽
褘	韋
褙	背
褆	是
褖	
褑	爰
褎	
褉	契
覢	炎
覤	
覣	委
觭	奇
觰	者
觬	
諏	取
諆	其
誸	弦
諓	
諑	
諔	叔
諕	
誻	
諗	念
誾	
諀	卑
諅	其
諘	表
諃	林
誺	
誽	兒
諙	
谾	空
豍	卑
貏	卑
賥	卒
賟	典
賙	周
賨	宗
賚	來
賝	
賧	炎
趠	卓
趜	
趡	
趛	金
踠	宛
踣	
踥	妾
踤	卒
踮	店
踕	疌
踛	坴
踖	昔
踑	其
踙	取
踦	奇
踧	叔
踔	卓
踒	委
踘	匊
踓	
踜	夌
踗	念
踚	侖
輬	京
輤	青
輘	
輚	
輠	果
輣	朋
輖	周
輗	兒
遳	
遰	帶
遯	豚
遧	章
遫	
鄯	善
鄫	曾
鄩	尋
鄪	費
鄲	單
鄦	無
鄮	貿
醅	
醆	
醊	
醁	
醂	林
醄	
醀	
鋐	宏
鋃	良
鋄	
鋀	豆
鋙	吾
銶	求
鋏	夾
鋱	
鋟	
鋘	吳
鋩	芒
鋗	
鋝	
鋌	廷
鋯	告
鋂	每
鋨	我
鋊	谷
鋈	沃
鋎	完
鋦	局
鋍	
鋕	志
鋉	束
鋠	辰
鋞	
鋧	見
鋑	
鋓	
銵	
鋡	含
鋆	均
銴	折
镼	屈
閬	良
閫	困
閮	廷
閰	
隤	貴
隢	堯
雓	余
霅	
霈	沛
霂	沐
靚	青
鞊	吉
鞎	艮
鞈	合
韐	合
韏	
頞	安
頝	交
頦	亥
頩	并
頨	
頠	危
頛	耒
頧	
颲	列
餈	次
飺	此
餑	孛
餔	甫
餖	豆
餗	束
餕	
駜	必
駍	平
駏	巨
駓	丕
駔	且
駎	由
駉	
駖	令
駘	台
駋	召
駗	
駌	
骳	皮
髬	丕
髫	召
髳	矛
髲	皮
髱	包
魆	
魃	
魧	
魴	方
魱	互
魦	
魶	內
魵	分
魰	文
魨	屯
魤	化
魬	反
鳼	文
鳺	夫
鳽	
鳿	
鳷	支
鴇	
鴀	不
鳹	今
鳻	分
鴈	
鴅	丹
鴄	匹
麃	
黓	
鼏	
鼐	乃
儜	寧
儓	臺
儗	疑
儚	夢
儑	
凞	
匴	算
叡	睿
噰	雍
噠	達
噮	
噳	虞
噦	歲
噣	
噭	
噲	會
噞	
噷	
圜	
圛	睪
壈	稟
墽	
壉	
墿	睪
墺	奧
壂	殿
墼	
壆	
嬗	
嬙	嗇
嬛	
嬡	愛
嬔	
嬓	
嬐	
嬖	辟
嬨	慈
嬚	廉
嬠	
嬞	董
寯	雋
嶬	義
嶱	葛
嶩	農
嶧	睪
嶵	罪
嶰	解
嶮	
嶪	業
嶨	
嶲	
嶭	
嶯	戢
嶴	奧
幧	
幨	詹
幦	辟
幯	節
廩	稟
廧	嗇
廦	辟
廨	解
廥	會
彋	
徼	
憝	敦
憨	敢
憖	
懅	
憴	
懆	喿
懁	
懌	睪
憺	詹
憿	
憸	僉
憌	鈞
擗	辟
擖	葛
擐	
擏	敬
擉	蜀
撽	
撉	敦
擃	農
擛	葉
擳	節
擙	奧
攳	尋
敿	喬
敼	喜
斢	斗
曈	童
暾	敦
曀	壹
曊	費
曋	覃
曏	鄉
暽	
暻	景
暺	單
曌	
朣	童
樴	
橦	童
橉	
橧	曾
樲	貳
橨	賁
樾	越
橝	覃
橭	辜
橶	戟
橛	厥
橑	
樨	犀
橚	肅
樻	貴
樿	單
橁	筍
橪	然
橤	
橐	
橏	善
橔	敦
橯	勞
橩	
橠	
樼	孱
橞	惠
橖	棠
橕	
橍	閏
橎	番
橆	
歕	賁
歔	虛
歖	喜
殧	就
殪	壹
殫	單
毈	段
毇	
氄	
氃	童
氆	普
澭	雍
濋	楚
澣	幹
濇	嗇
澼	辟
濎	鼎
濈	戢
潞	路
濄	過
澽	豦
澞	虞
濊	歲
澨	筮
瀄	節
澥	解
澮	會
澺	意
澬	資
澪	零
濏	瑟
澿	禁
澸	感
澢	當
濉	
澫	萬
濍	
澯	粲
澲	業
澰	僉
燅	炎
燂	覃
熿	黃
熸	
燖	尋
燀	單
燁	華
燋	焦
燔	番
燊	
燇	尊
燏	
熽	肅
燘	閔
熼	異
燆	喬
燚	
燛	
犝	童
犞	喬
獩	歲
獦	葛
獧	
獬	解
獥	
獫	僉
獪	會
瑿	
璚	
璠	番
璔	曾
璒	登
璕	尋
璡	進
甋	
疀	
瘯	族
瘭	票
瘱	
瘽	堇
瘳	
瘼	莫
瘵	祭
瘲	從
瘰	累
皻	
盦	
瞚	寅
瞝	
瞡	
瞜	婁
瞛	從
瞢	
瞣	患
瞕	章
瞙	莫
瞗	鳥
磝	敖
磩	戚
磥	累
磪	崔
磞	崩
磣	參
磛	斬
磡	勘
磢	爽
磭	脣
磟	
磠	
禤	
穄	祭
穈	麻
穇	參
窶	婁
窸	悉
窵	鳥
窱	條
窷	聊
篞	涅
篣	旁
篧	
篝	冓
篕	盍
篥	栗
篚	匪
篨	除
篹	
篔	員
篪	
篢	貢
篜	烝
篫	
篘	芻
篟	倩
糒	
糔	
糗	臭
糐	
糑	弱
縒	差
縡	宰
縗	衰
縌	逆
縟	辱
縠	
縓	原
縎	骨
縜	員
縕	
縚	舀
縢	
縋	追
縏	般
縖	害
縍	旁
縔	桑
縥	秦
縤	素
罃	
罻	尉
罼	畢
罺	巢
羱	原
翯	高
耪	旁
耩	
聬	翁
膱	
膦	
膮	堯
膹	賁
膵	萃
膫	
膰	番
膬	
膴	無
膲	焦
膷	鄉
膧	童
臲	臬
艕	旁
艖	差
艗	益
蕖	渠
蕅	
蕫	童
蕍	渝
蕓	雲
蕡	賁
蕘	堯
蕀	棘
蕆	
蕤	
蕁	尋
蕢	貴
蕄	悶
蕑	閒
蕇	單
蕣	舜
蔾	
蕛	
蕱	稍
蕎	喬
蕮	舄
蕵	飧
蕕	猶
蕧	復
蕠	
薌	鄉
蕦	須
蕝	絕
蕔	報
蕥	雅
蕬	絲
虣	
虥	
虤	
螛	害
螏	疾
螗	唐
螓	秦
螒	
螈	原
螁	退
螖	骨
螘	豈
蝹	
螇	奚
螣	
螅	息
螐	烏
螑	臭
螝	鬼
螄	師
螔	
螜	
螚	能
螉	翁
褞	
褦	能
褰	
褭	
褮	
褧	耿
褱	
褢	鬼
褩	般
褣	容
褯	
褬	桑
褟	
觱	
諠	宣
諢	軍
諲	
諴	咸
諵	南
諝	胥
謔	虐
諤	
諟	是
諰	思
諈	垂
諞	扁
諡	
諨	
諿	
諯	
諻	皇
貑	
貒	耑
貐	俞
賵	
賮	
賱	軍
賰	春
賳	哉
赬	貞
赮	
趥	酋
趧	是
踳	春
踾	
踸	甚
蹀	
蹅	查
踶	是
踼	昜
踽	禹
蹁	扁
踰	俞
踿	
躽	
輶	酋
輮	柔
輵	曷
輲	
輹	
輷	
輴	盾
遶	堯
遹	矞
遻	
邆	登
郺	邕
鄳	
鄵	喿
鄶	會
醓	
醐	胡
醑	胥
醍	是
醏	者
錧	官
錞	享
錈	卷
錟	炎
錆	青
錏	亞
鍺	者
錸	來
錼	奈
錛	奔
錣	
錒	阿
錁	果
鍆	門
錭	周
錎	
錍	卑
鋋	延
錝	宗
鋺	宛
錥	育
錓	羌
鋹	長
鋷	
錴	
錂	
錤	其
鋿	尚
錩	昌
錹	肯
錵	花
錪	典
錔	
錌	岸
錋	朋
鋾	
錉	昏
錀	侖
鋻	
錖	叔
閼	於
闍	者
閾	或
閹	奄
閺	
閶	昌
閿	
閵	
閽	昏
隩	奧
雔	
霋	妻
霒	今
霐	泓
鞙	
鞗	
鞔	免
韰	
韸	
頵	君
頯	
頲	廷
餤	炎
餟	
餧	委
餩	
馞	
駮	
駬	耳
駥	戎
駤	至
駰	因
駣	兆
駪	先
駩	全
駧	同
骹	交
骿	并
骴	此
骻	夸
髶	
髺	
髹	休
髷	曲
鬳	
鮀	它
鮅	必
鮇	末
魼	去
魾	丕
魻	甲
鮂	囚
鮓	乍
鮒	付
鮐	台
魺	可
鮕	古
魽	甘
鮈	句
鴥	
鴗	立
鴠	旦
鴞	
鴔	
鴩	失
鴝	句
鴘	弁
鴢	幼
鴐	加
鴙	
鴟	氐
麈	主
麆	且
麇	
麮	去
麭	包
黕	
黖	
黺	分
鼒	
鼽	九
儦	
儥	賣
儢	慮
儤	暴
儠	
儩	賜
勴	慮
嚓	察
嚌	齊
嚍	盡
嚆	蒿
嚄	
嚃	
噾	
嚂	監
噿	翠
嚁	翟
壖	需
壔	壽
壏	監
壒	
嬭	爾
嬥	翟
嬲	
嬣	寧
嬬	需
嬧	盡
嬦	壽
嬯	臺
嬮	厭
孻	
寱	
寲	疑
嶷	疑
幬	壽
幪	蒙
徾	
徻	會
懃	勤
憵	辟
憼	敬
懧	
懠	齊
懥	
懤	壽
懨	厭
懞	蒙
擯	賓
擩	需
擣	壽
擫	厭
擤	
擨	
斁	睪
斀	蜀
斶	蜀
旚	票
曒	
檍	意
檖	遂
檁	稟
檥	義
檉	聖
檟	賈
檛	過
檡	睪
檞	解
檇	雋
檓	毀
檎	禽
檕	
檃	
檨	
檤	道
檑	雷
橿	
檦	剽
檚	楚
檅	歲
檌	罪
檒	風
歛	
殭	
氉	
濌	
澩	
濴	
濔	爾
濣	斡
濜	盡
濭	
濧	對
濦	
濞	鼻
濲	
濝	
濢	翠
濨	慈
燡	睪
燱	意
燨	義
燲	
燤	
燰	
燢	
獳	需
獮	
獯	熏
璗	湯
璲	遂
璫	當
璐	路
璪	
璭	運
璱	瑟
璥	敬
璯	會
甐	
甑	曾
甒	無
甏	彭
疄	
癃	隆
癈	發
癉	單
癇	閒
皤	
盩	
瞵	
瞫	覃
瞲	
瞷	間
瞶	貴
瞴	無
瞱	華
瞨	
矰	曾
磳	曾
磽	堯
礂	喜
磻	番
磼	
磲	渠
礅	敦
磹	覃
磾	單
礄	喬
禫	覃
禨	幾
穜	童
穛	焦
穖	幾
穘	堯
穔	黃
穚	喬
窾	款
竀	正
竁	
簅	產
簏	鹿
篲	彗
簀	責
篿	專
篻	票
簎	
篴	逐
簋	
篳	畢
簂	國
簉	造
簃	移
簁	徙
篸	參
篽	御
簆	寇
篰	部
篱	离
簐	軟
簊	基
糨	強
縭	离
縼	旋
繂	率
縳	專
顈	頃
縸	莫
縪	畢
繉	
繀	崔
繇	
縩	祭
繌	
縰	徙
縻	
縶	執
繄	
縺	連
罅	
罿	童
罾	曾
罽	
翴	連
翲	票
耬	婁
膻	亶
臄	
臌	鼓
臊	喿
臅	蜀
臇	雋
膼	過
臩	
艛	婁
艚	曹
艜	帶
薃	
薀	溫
薏	意
薧	
薕	廉
薠	煩
薋	資
薣	鼓
蕻	共
薤	
薚	
薞	
蕷	預
蕼	肆
薉	歲
薡	鼎
蕺	戢
蕸	遐
蕗	路
薎	
薖	過
薆	愛
薍	亂
薙	雉
薝	詹
薁	奧
薢	解
薂	
薈	會
薅	
蕹	雍
蕶	零
薘	達
薐	稜
薟	
虨	彬
螾	寅
螪	商
螭	
蟅	庶
螰	鹿
螬	曹
螹	斬
螵	票
螼	
螮	帶
蟉	
蟃	曼
蟂	梟
蟌	
螷	
螯	敖
蟄	執
蟊	矛
螴	陳
螶	巨
螿	將
螸	欲
螽	冬
蟞	敝
螲	窒
褵	
褳	連
褼	
褾	票
襁	強
襒	敝
褷	徙
襂	參
覭	冥
覯	
覮	
觲	
觳	
謞	高
謘	
謖	
謑	奚
謅	芻
謋	
謢	
謏	叟
謒	倉
謕	
謇	
謍	
謈	
謆	扇
謜	原
謓	真
謚	益
豏	兼
豰	
豲	原
豱	
豯	奚
貕	奚
貔	
賹	益
赯	唐
蹎	真
蹍	展
蹓	留
蹐	脊
蹌	倉
蹇	
轃	秦
轀	
邅	
遾	
鄸	夢
醚	迷
醢	
醛	
醙	叟
醟	
醡	窄
醝	差
醠	盎
鎡	
鎃	派
鎯	郎
鍤	
鍖	甚
鍇	皆
鍼	咸
鍘	則
鍜	
鍶	思
鍉	是
鍐	
鍑	
鍠	皇
鍭	侯
鎏	流
鍌	洗
鍪	
鍹	宣
鍗	帝
鍕	軍
鍒	柔
鍏	韋
鍱	
鍷	奎
鍻	曷
鍡	畏
鍞	貞
鍣	
鍧	
鎀	修
鍎	盾
鍙	洪
闇	音
闀	巷
闉	
闃	
闅	
閷	
隮	齊
隰	
隬	爾
霠	今
霟	洪
霘	洞
霝	
霙	英
鞚	空
鞡	拉
鞜	
鞞	卑
鞝	尚
韕	
韔	長
韱	
顁	定
顄	函
顊	
顉	
顅	肩
顃	炎
餥	非
餫	軍
餬	胡
餪	
餳	
餲	曷
餯	
餭	皇
餱	侯
餰	衍
馘	或
馣	奄
馡	非
騂	辛
駺	良
駴	戒
駷	
駹	
駸	
駶	局
駻	旱
駽	
駾	兌
駼	余
騃	矣
骾	更
髾	肖
髽	坐
鬁	利
髼	
魈	肖
鮚	吉
鮨	旨
鮞	而
鮛	
鮦	同
鮡	兆
鮥	各
鮤	列
鮆	此
鮢	朱
鮠	危
鮯	合
鴳	安
鵁	交
鵧	并
鴶	吉
鴮	夸
鴯	而
鴱	艾
鴸	朱
鴰	
鵅	各
鵂	休
鵃	舟
鴾	牟
鴷	列
鵀	任
鴽	如
翵	
鴭	
麊	米
麉	
麍	
麰	牟
黈	主
黚	甘
黻	
黿	元
鼤	文
鼣	
鼢	分
齔	
龠	
儱	龍
儭	親
儮	歷
嚘	憂
嚜	墨
嚗	暴
嚚	臣
嚝	廣
嚙	
奰	
嬼	劉
屩	喬
屪	寮
巀	
幭	蔑
幮	廚
懘	滯
懟	對
懭	廣
懮	憂
懱	蔑
懪	暴
懰	劉
懫	質
懖	
懩	養
擿	適
攄	慮
擽	樂
擸	
攁	養
攃	蔡
擼	魯
斔	臾
旛	番
曚	蒙
曛	
曘	需
櫅	齊
檹	旖
檽	需
櫡	
櫆	魁
檺	豪
檶	奩
檷	爾
櫇	頗
檴	
檭	銀
歞	
毉	
氋	蒙
瀇	廣
瀌	
瀍	
瀁	養
瀅	瑩
瀔	
瀎	蔑
濿	厲
瀀	憂
濻	
瀦	豬
濼	樂
濷	
瀊	盤
爁	監
燿	翟
燹	
爃	榮
燽	壽
獶	憂
璸	賓
瓀	需
璵	與
瓁	
璾	齊
璶	盡
璻	翠
瓂	
甔	詹
甓	辟
癜	殿
癤	節
癙	鼠
癐	會
癓	微
癗	雷
癚	詹
皦	
皽	
盬	古
矂	
瞺	會
磿	
礌	雷
礓	
礔	辟
礉	
礐	
礒	義
礑	當
禭	遂
禬	會
穟	遂
簜	湯
簩	勞
簙	博
簠	甫
簟	覃
簭	
簝	
簦	登
簨	
簢	閔
簥	喬
簰	牌
繜	尊
繐	惠
繖	散
繣	畫
繘	
繢	貴
繟	單
繑	喬
繠	
繗	
繓	最
羵	賁
羳	番
翷	
翸	賁
聵	貴
臑	需
臒	
臐	
艟	童
艞	
薴	寧
藆	
藀	
藃	
藂	聚
薳	遠
薵	壽
薽	甄
藇	與
藄	
薿	疑
藋	翟
藎	盡
藈	睽
藅	罰
薱	對
薶	
藒	
蘤	
薸	漂
薷	需
薾	爾
虩	
蟧	勞
蟦	賁
蟢	喜
蟛	彭
蟫	覃
蟪	惠
蟥	黃
蟟	
蟳	尋
蟤	巽
蟔	黑
蟜	喬
蟓	象
蟭	焦
蟘	貸
蟣	幾
螤	
蟗	
蟙	
蠁	鄉
蟴	斯
蟨	厥
蟝	渠
襓	堯
襋	棘
襏	發
襌	單
襆	
襐	象
襑	尋
襉	閒
謪	商
謧	
謣	
謳	區
謰	連
謵	習
譇	奢
謯	
謼	
謾	曼
謱	婁
謥	
謷	敖
謦	
謶	庶
謮	責
謤	票
謻	移
謽	強
謺	執
豂	
豵	從
貙	區
貘	莫
貗	婁
賾	責
贄	執
贂	參
贀	
蹜	宿
蹢	
蹠	庶
蹗	鹿
蹖	舂
蹞	
蹥	連
蹧	曹
蹛	帶
蹚	堂
蹡	將
蹝	徙
蹩	敝
蹔	斬
轆	鹿
轇	
轈	巢
轋	
鄨	敝
鄺	廣
鄻	輦
鄾	憂
醨	
醥	票
醧	區
醯	
醪	
鎵	家
鎌	兼
鎒	辱
鎷	馬
鎛	
鎝	
鎉	
鎧	豈
鎎	氣
鎪	叟
鎞	
鎦	留
鎕	唐
鎈	差
鎙	朔
鎟	桑
鎍	索
鎱	袁
鎑	盍
鎲	
鎤	晃
鎨	
鎴	息
鎣	
鎥	條
闒	
闓	豈
闑	臬
隳	隋
雗	
雚	
巂	
雟	
雘	
雝	邕
霣	員
霢	脈
霥	
鞬	建
鞮	是
鞨	曷
鞫	
鞤	
鞪	
鞢	
鞥	
韗	軍
韙	韋
韖	柔
韘	
韺	英
顐	軍
顑	咸
顒	
颸	思
饁	盍
餼	氣
餺	
騏	其
騋	來
騉	昆
騍	果
騄	
騑	非
騊	
騅	
騇	舍
騆	周
髀	卑
髜	高
鬈	卷
鬄	易
鬅	朋
鬩	
鬵	
魊	或
魌	其
魋	
鯇	完
鯆	甫
鯃	吾
鮿	
鯁	更
鮵	兌
鮸	免
鯓	身
鮶	君
鯄	求
鮹	肖
鮽	余
鵜	弟
鵓	
鵏	甫
鵊	夾
鵛	
鵋	忌
鵙	
鵖	
鵌	余
鵗	希
鵒	谷
鵔	
鵟	狂
鵘	君
鵚	禿
麎	辰
麌	吳
黟	多
鼁	去
鼀	
鼖	
鼥	
鼫	石
鼪	生
鼩	句
鼨	冬
齌	齊
齕	
儴	襄
儵	
劖	
勷	襄
厴	厭
嚫	親
嚭	否
嚦	歷
嚧	盧
嚪	閻
嚬	頻
壚	盧
壝	遺
壛	閻
夒	
嬽	
嬾	賴
嬿	燕
巃	龍
幰	憲
徿	龍
懻	冀
攇	憲
攐	
攍	
攉	霍
攌	
攎	盧
斄	來
旞	遂
旝	會
曞	厲
櫧	諸
櫠	廢
櫌	憂
櫑	
櫙	
櫋	
櫟	樂
櫜	咎
櫐	
櫫	豬
櫏	遷
櫍	質
櫞	緣
歠	
殰	賣
氌	魯
瀙	親
瀧	龍
瀠	縈
瀖	霍
瀫	
瀡	隨
瀢	遺
瀣	
瀩	頹
瀗	憲
瀤	
瀜	融
瀪	
爌	廣
爊	
爇	
爂	
爅	墨
犥	
犦	暴
犤	罷
犣	
犡	厲
瓋	適
瓅	樂
璷	敷
瓃	
甖	
癠	齊
矉	賓
矊	綿
矄	
矱	
礝	需
礛	監
礡	
礜	與
礗	賓
礞	蒙
禰	爾
穧	齊
穨	貴
簳	幹
簼	
簹	當
簬	路
簻	過
糬	署
糪	辟
繶	意
繵	
繸	遂
繰	
繷	農
繯	
繺	煞
繲	解
繴	辟
繨	達
罋	雍
罊	
羃	
羆	
羷	
翽	歲
翾	
聸	詹
臗	寬
臕	
艤	義
艡	當
艣	
藫	潭
藱	
藭	窮
藙	毅
藡	適
藨	
藚	賣
藗	
藬	
藲	樞
藸	豬
藘	慮
藟	
藣	罷
藜	黎
藑	
藰	劉
藦	摩
藯	慰
藞	磊
藢	徵
蠀	資
蟺	
蠃	
蟶	聖
蟷	當
蠉	
蠌	睪
蠋	蜀
蠆	
蟼	敬
蠈	賊
蟿	
蠊	廉
蠂	葉
襢	
襚	遂
襛	農
襗	睪
襡	蜀
襜	詹
襘	會
襝	
襙	
覈	
覷	虛
覶	
觶	
譐	尊
譈	敦
譊	堯
譀	敢
譓	惠
譖	
譔	巽
譋	閒
譕	無
譑	喬
譂	單
譒	番
譗	答
豃	敢
豷	壹
豶	賁
貚	單
贆	
贇	
贉	覃
趬	堯
趪	黃
趭	焦
趫	喬
蹭	曾
蹸	
蹳	發
蹪	貴
蹯	番
蹻	喬
軂	勞
轒	賁
轑	
轏	孱
轐	
轓	番
辴	辰
酀	燕
鄿	
醰	覃
醭	
鏞	庸
鏇	旋
鏏	彗
鏂	區
鏚	戚
鏐	
鏹	強
鏬	
鏌	莫
鏙	崔
鎩	殺
鏦	從
鏊	敖
鏔	寅
鏮	康
鏣	庶
鏕	鹿
鏄	專
鏎	畢
鏀	
鏒	參
鏧	
镽	
闚	規
闛	堂
雡	
霩	郭
霫	習
霬	異
霨	尉
霦	彬
鞳	
鞷	
鞶	般
韝	
韞	
韟	
顜	
顙	桑
顝	骨
顗	豈
颿	風
颽	豈
颻	
颾	蚤
饈	羞
饇	區
饃	莫
馦	兼
馧	
騚	前
騕	要
騥	柔
騝	建
騤	癸
騛	飛
騢	
騠	是
騧	
騣	
騞	
騜	皇
騔	曷
髂	客
鬋	前
鬊	春
鬎	剌
鬌	
鬷	
鯪	
鯫	取
鯠	來
鯞	帚
鯤	昆
鯦	咎
鯢	兒
鯰	念
鯔	
鯗	
鯬	
鯜	妾
鯙	享
鯥	
鯕	其
鯡	非
鯚	季
鵷	宛
鶁	京
鶊	庚
鶄	青
鶈	妻
鵱	
鶀	其
鵸	奇
鶆	來
鶋	居
鶌	屈
鵽	
鵫	卓
鵴	
鵵	兔
鵰	周
鵩	服
鶅	
鵳	肩
鵻	
鶂	兒
鵯	卑
鵹	
鵿	
鶇	東
鵨	舍
麔	咎
麑	兒
黀	取
黼	甫
鼭	寺
齀	
齁	句
齍	
齖	牙
齗	斤
齘	介
匷	瞿
嚲	
嚵	
嚳	告
壣	聯
孅	
巆	營
巇	戲
廮	嬰
廯	鮮
忀	襄
忁	
懹	襄
攗	麋
攖	嬰
攕	
攓	
旟	與
曨	龍
曣	燕
曤	霍
櫳	龍
櫰	
櫪	歷
櫨	盧
櫹	蕭
櫱	
櫮	噩
櫯	穌
瀼	襄
瀵	糞
瀯	營
瀷	翼
瀴	嬰
瀱	
灂	
瀸	
瀿	繁
瀺	
瀹	
灀	霜
瀻	戴
瀳	
灁	泉
爓	閻
爔	羲
犨	
獽	襄
獼	彌
璺	
皫	
皪	樂
皾	賣
盭	
矌	廣
矎	
矏	
矍	
矲	罷
礥	賢
礣	蔑
礧	
礨	
礤	蔡
礩	質
禲	厲
穮	
穬	廣
穭	魯
竷	
籉	臺
籈	甄
籊	翟
籇	豪
籅	與
糮	監
繻	需
繾	遣
纁	
纀	僕
羺	需
翿	壽
聹	寧
臛	霍
臙	燕
舋	
艨	蒙
艩	齊
蘢	龍
藿	霍
蘁	噩
藾	賴
蘛	育
蘀	擇
藶	歷
蘄	
蘉	
蘅	衡
蘌	禦
藽	親
蠙	賓
蠐	齊
蠑	榮
蠗	翟
蠓	蒙
蠖	
襣	鼻
襦	需
覹	微
觷	
譠	
譪	葛
譝	
譨	農
譣	
譥	
譧	廉
譭	毀
趮	
躆	
躈	
躄	辟
轙	義
轖	嗇
轗	感
轕	葛
轘	
轚	
邍	
酃	
酁	
醷	意
醵	
醲	農
醳	睪
鐋	湯
鐓	敦
鏻	
鐠	普
鐏	尊
鐔	覃
鏾	散
鐕	
鐐	
鐨	費
鐙	登
鐍	
鏵	華
鐀	貴
鏷	
鐇	番
鐎	焦
鐖	幾
鐒	勞
鏺	發
鐉	巽
鏸	惠
鐊	陽
鏿	棠
鏼	策
鐌	象
鏶	集
鐑	結
鐆	隊
闞	敢
闠	貴
闟	翕
霮	湛
霯	登
鞹	郭
鞻	婁
韽	音
韾	音
顠	票
顢	
顣	戚
顟	
飁	習
飂	
饐	壹
饎	喜
饙	賁
饌	巽
饋	貴
饓	棠
騲	草
騴	晏
騱	奚
騬	乘
騪	叟
騶	芻
騩	鬼
騮	留
騸	扇
騭	
髇	高
髊	差
髆	
鬐	耆
鬒	真
鬑	兼
鰋	
鰈	
鯷	是
鰅	
鰒	
鯸	侯
鱀	既
鰇	柔
鰎	建
鰆	春
鰗	胡
鰔	咸
鰉	皇
鶟	突
鶙	帝
鶤	軍
鶝	
鶒	
鶘	胡
鶐	述
鶛	皆
鶠	
鶔	柔
鶜	茅
鶪	
鶗	是
鶡	曷
鶚	
鶢	爰
鶨	
鶞	盾
鶣	扁
鶿	
鶩	
鶖	秋
鶦	胡
鶧	英
麙	咸
麛	弭
麚	
黥	京
黤	奄
黧	
黦	宛
鼰	
鼮	廷
齛	世
齠	召
齞	只
齝	
齙	包
龑	
儺	難
儹	贊
劘	靡
劗	贊
囃	雜
嚽	贅
嚾	
孈	
孇	雙
巋	歸
巏	
廱	
懽	
攛	竄
欂	薄
櫼	
欃	
櫸	舉
欀	襄
灃	豐
灄	聶
灊	
灈	瞿
灉	
灅	壘
灆	藍
爝	爵
爚	
爙	襄
獾	
甗	
癪	積
矐	霍
礭	
礱	龍
礯	縈
籔	數
籓	潘
糲	厲
纊	廣
纇	
纈	頡
纋	憂
纆	墨
纍	
罍	
羻	
耰	憂
臝	
蘘	襄
蘪	麋
蘦	
蘟	隱
蘣	
蘜	鞠
蘙	翳
蘧	遽
蘮	
蘡	嬰
蘠	牆
蘩	繁
蘞	斂
蘥	
蠩	諸
蠝	
蠛	蔑
蠠	面
蠤	酋
蠜	樊
蠫	
衊	蔑
襭	頡
襩	賣
襮	暴
襫	
觺	疑
譹	豪
譸	壽
譅	
譺	疑
譻	
贐	盡
贔	
趯	翟
躎	爾
躌	舞
轞	監
轛	對
轝	與
酆	豐
酄	
酅	
醹	需
鐿	意
鐻	
鐶	
鐩	遂
鐽	達
鐼	賁
鐰	
鐹	過
鐪	
鐷	葉
鐬	歲
鑀	愛
鐱	
闥	達
闤	
闣	當
霵	戢
霺	微
鞿	幾
韡	韋
顤	堯
飉	
飆	
飀	留
饘	
饖	歲
騹	
騽	習
驆	畢
驄	
驂	參
驁	敖
騺	執
騿	章
髍	麻
鬕	莫
鬗	
鬘	曼
鬖	參
鬺	
魒	票
鰫	容
鰝	高
鰜	兼
鰬	虔
鰣	時
鰨	
鰩	
鰤	師
鰡	留
鶷	害
鶶	唐
鶼	兼
鷁	益
鷇	
鷊	
鷏	真
鶾	
鷅	
鷃	晏
鶻	骨
鶵	芻
鷎	
鶹	留
鶺	脊
鶬	倉
鷈	
鶱	
鶭	紡
鷌	馬
鶳	師
鷍	臬
鶲	翁
鹺	差
麜	栗
黫	
黮	甚
黭	
鼛	咎
鼘	
鼚	長
鼱	青
齎	齊
齥	曳
齤	
龒	龍
亹	
囆	
囅	
囋	贊
奱	
孋	麗
孌	
巕	孽
巑	贊
廲	麗
攡	離
攠	靡
攦	麗
攢	贊
欋	瞿
欈	
欉	叢
氍	瞿
灕	離
灖	靡
灗	
灒	贊
爞	蟲
爟	
犩	魏
獿	
瓘	
瓕	彌
瓙	
瓗	
癭	嬰
皭	爵
礵	霜
禴	
穰	襄
穱	爵
籗	霍
籜	擇
籙	錄
籛	錢
籚	盧
糴	
糱	
纑	盧
罏	盧
羇	
臞	瞿
艫	盧
蘴	豐
蘵	職
蘳	
蘬	歸
蘲	壘
蘶	魏
蠬	龍
蠨	蕭
蠦	盧
蠪	龍
蠥	
襱	龍
覿	賣
覾	審
觻	樂
譾	
讄	
讂	
讆	衛
讅	審
譿	慧
贕	賣
躕	廚
躔	
躚	遷
躒	樂
躐	
躖	
躗	衛
轠	
轢	樂
酇	贊
鑌	賓
鑐	需
鑊	
鑋	輕
鑏	寧
鑇	齊
鑅	榮
鑈	爾
鑉	
鑆	對
霿	
韣	蜀
顪	歲
顩	
飋	瑟
饔	雍
饛	蒙
驎	
驓	曾
驔	覃
驌	肅
驏	孱
驈	
驊	華
驉	虛
驒	單
驐	敦
髐	堯
鬙	曾
鬫	敢
鬻	
魖	虛
魕	幾
鱆	章
鱈	雪
鰿	責
鱄	專
鰹	堅
鰳	勒
鱁	逐
鰼	習
鰷	條
鰴	
鰲	敖
鰽	曹
鰶	祭
鷛	庸
鷒	專
鷞	爽
鷚	
鷋	荼
鷐	晨
鷜	婁
鷑	笠
鷟	族
鷩	敝
鷙	執
鷘	
鷖	
鷵	屠
鷕	唯
鷝	畢
麶	
黰	真
鼵	突
鼳	
鼲	軍
齂	
齫	困
龕	
龢	禾
儽	
劙	蠡
壨	
壧	嚴
奲	奢
孍	嚴
巘	獻
蠯	
彏	
戁	難
戃	黨
戄	
攩	黨
攥	纂
斖	
曫	
欑	贊
欒	
欏	羅
毊	喬
灛	闡
灚	覺
爢	靡
玂	
玁	嚴
玃	
癰	
矔	
籧	遽
籦	鍾
纕	襄
艬	
蘺	離
虀	
蘹	懷
蘼	靡
蘱	類
蘻	繫
蘾	壞
蠰	襄
蠲	
蠮	翳
蠳	嬰
襶	戴
襴	闌
襳	
觾	燕
讌	燕
讎	
讋	
讈	歷
豅	龍
贙	
躘	龍
轤	盧
轣	歷
醼	燕
鑢	慮
鑕	質
鑝	蓬
鑗	黎
鑞	
韄	
韅	
頀	
驖	
驙	
鬞	農
鬟	
鬠	會
鱒	尊
鱘	尋
鱐	肅
鱊	
鱍	發
鱋	虛
鱕	番
鱙	堯
鱌	象
鱎	喬
鷻	敦
鷷	尊
鷯	
鷣	覃
鷫	肅
鷸	
鷤	
鷶	買
鷡	無
鷮	喬
鷦	焦
鷲	就
鷰	
鷢	厥
鷬	黃
鷴	閑
鷳	閒
鷨	華
鷭	番
黂	賁
黐	
黲	參
黳	
鼆	
鼜	
鼸	兼
鼷	奚
鼶	
齃	曷
齏	齊
齱	取
齰	昔
齮	奇
齯	兒
囓	
囍	喜
孎	屬
屭	
攭	蠡
曭	黨
曮	嚴
欓	黨
灟	屬
灡	蘭
灝	
灠	覽
爣	黨
瓛	獻
瓥	
矕	
礸	贊
禷	類
禶	贊
籪	斷
纗	
羉	
艭	雙
虃	
蠸	
蠷	瞿
蠵	
衋	
讔	隱
讕	闌
躞	燮
躟	襄
躠	薛
躝	闌
醾	糜
醽	
釂	爵
鑫	
鑨	龍
鑩	噩
雥	
靆	逮
靃	
靇	龍
韇	賣
韥	賣
驞	賓
髕	賓
魙	漸
鱣	
鱧	
鱦	
鱢	
鱞	
鱠	會
鸂	溪
鷾	意
鸇	
鸃	義
鸆	虞
鸅	睪
鸀	蜀
鸁	
鸉	楊
鷿	辟
鷽	
鸄	
麠	
鼞	堂
齆	邕
齴	彥
齵	
齶	
囔	囊
攮	囊
斸	屬
欘	屬
欙	
欗	蘭
欚	蠡
灢	囊
爦	覽
犪	夔
矘	黨
矙	
礹	嚴
籩	邊
籫	贊
糶	
纚	麗
纘	贊
纛	毒
纙	羅
臠	
臡	難
虆	
虇	
虈	
襹	麗
襺	繭
襼	藝
襻	攀
觿	
讘	聶
讙	
躥	竄
躤	藉
躣	瞿
鑮	薄
鑭	闌
鑯	
鑱	
鑳	
靉	愛
顲	
饟	襄
鱨	嘗
鱮	與
鱭	齊
鸋	寧
鸍	爾
鸐	翟
鸏	蒙
鸒	與
鸑	獄
麡	齊
黵	詹
鼉	
齇	
齸	益
齻	真
齺	芻
齹	
圞	
灦	顯
籯	贏
蠼	
趲	贊
躦	贊
釃	麗
鑴	
鑸	壘
鑶	藏
鑵	
驠	燕
鱴	蔑
鱳	樂
鱱	厲
鱵	箴
鸔	暴
鸓	
黶	厭
鼊	辟
龤	皆
灨	贛
灥	泉
糷	蘭
虪	
蠾	屬
蠽	
蠿	
讞	獻
貜	
躩	
軉	
靋	瀝
顳	聶
顴	
飌	風
饡	贊
馫	
驤	襄
驦	霜
驧	鞠
鬤	襄
鸕	盧
鸗	龍
齈	農
戇	贛
欞	靈
爧	靈
虌	
躨	夔
钂	黨
钀	
钁	
驩	
驨	
鬮	
鸙	
爩	鬱
虋	釁
讟	賣
钃	屬
鱹	
麷	豐
癵	
驫	
鱺	麗
鸝	麗
灩	
灪	鬱
麤	
齾	
齉	囊
龘	
碁	其
銹	秀
裏	里
墻	嗇
恒	
粧	
嫺	閒
