㑇,zhou4
㑌,kuang1
㑩,luo2
㑳,zhou4
㒓,ta4
㓦,bai1
㔉,zhu3
㔚,jie2
㕑,chu2
㕜,shi3
㕠,shuang1
㕶,n3,ng3
㖊,xun2
㖞,wai1
㗄,ku1
㗏,wai1
㗑,bai5
㘄,leng1
㘆,tai3
㘎,han3
㘗,qu1
㘥,you2
㘭,ao4
㘱,tan1
㘵,bu4
㙘,yao1
㙟,lang3
㙦,xie2
㚁,qiao4
㚢,nu2
㚻,ji1
㛃,jie2
㝃,mian3
㝡,zui4
㝿,bo3
㞎,ba3
㞗,qiu2
㞘,du1
㞞,song2
㟂,mu3
㟖,long4
㟤,lu4
㟷,da5
㠄,xi2
㠯,yi3
㠾,yuan1
㡑,qiao1
㡓,kun1
㡠,zheng4
㡡,chu2
㡧,zheng4
㤅,ai4
㤘,zhou4
㤥,hai4
㥏,tian3
㥦,qie4
㥮,zhou4
㥵,hun4
㧀,ji2
㧏,gang1
㧐,song3
㧑,hui1
㧟,kuai3
㨄,zhou1
㨗,jie2
㨘,xing3
㨪,huang4
㩋,xiao1
㩐,den4
㩙,sai1
㩟,zhai4
㩳,song3
㪍,bo2
㪺,ju1
㫰,lang4
㬉,nuan3
㬊,huan4
㬎,xian3
㬟,fen1
㬤,qi1
㭎,gang1
㮣,gai4
㮾,lang3
㯭,lu3
㯳,qing2
㰍,long2
㱃,yin3
㲄,jue2
㲓,rong2
㲲,die2
㳂,yan2,yan4
㳇,fu4
㳠,ta4
㴩,yong1
㵐,jue2
㵲,wu3
㶁,guo2
㶉,xi1
㶑,lian4
㶟,lei3
㷟,tui4
㹎,lei2
㹢,jia1
㹭,yi4
㺀,hu1
㺄,yu3
㺅,hou2
㺢,huo4
㻫,bi4
㼈,luo2
㽁,li4
㽏,gan4
㽘,gang3
㾹,chai2
䀇,gu3
䀉,qiao2
䀌,xi4
䀦,gu3
䁖,lou1
䂫,hang1
䃅,di1
䃉,min2
䃎,zha4
䃘,keng1
䃠,xuan4
䃰,ca1
䄍,zha4
䄻,tao2
䅟,can3
䇭,lao3
䇲,ce4,jia1
䇽,zhe2
䈎,ye4
䉬,fei4
䉲,mi2
䉵,zhuan4,zuan3
䊪,li4
䋎,zhan4
䌈,ta1
䌥,yin3
䌷,chou1,chou2
䌹,jiong3
䍉,zhai3
䍡,lu4
䎱,ba4
䏝,zhuan1
䏿,qi3
䐛,da1
䑲,zhao4
䑽,ta4
䒣,ran3
䒷,gua1
䒿,liao2
䓖,qiong2
䓨,ying1
䔛,qing3
䕭,qian2
䕷,mi2
䖏,chu3,chu4
䖮,xiang3
䖳,zha4
䗖,di4
䗛,xiu1
䗪,zhe4
䗻,jie2
䘌,ni4
䘕,hang2
䘮,sang1,sang4
䙌,kui4
䜺,chai3
䝋,zong4
䝟,ya4
䞍,qing2
䞓,cheng1
䟡,zhi1
䠀,tang1
䠊,fei4
䠱,zhu2
䢺,chu1
䤌,qiang1
䤨,pi4
䤼,xian4
䥇,shan4
䥕,pie3
䥛,jie1
䥽,po1
䦃,zhuo1
䦆,jue2
䦶,zheng4
䦷,chuai4
䧡,yong1
䨦,pang1
䩄,mian3,tian3
䩬,beng3
䩺,weng1
䪍,lan2
䫈,chen3
䫏,qi1
䭔,dui1
䯄,gua1
䯧,qing3
䯼,di2
䰀,wo3
䰖,zuan3
䰛,li4
䱗,can1
䱚,lu4
䱛,huo4
䱨,la4
䱵,weng1
䱷,yu2
䱻,hua2
䲗,xian2
䲟,yin4
䲠,chun1
䲢,teng2
䳍,gong1
䳘,e2
䴓,shi1
䴔,jiao1
䴕,lie4
䴖,jing1
䴗,ju2
䴙,pi4
䴚,gang3
䴥,jia1
䴸,fu1
䵚,tao3
䶊,nü4
䶕,ba4
䶗,ke4,qia1
䶧,yao3
䶮,yan3
一,yi1,yi2,yi4
丁,ding1,zheng1
七,qi1,qi2
万,mo4,wan4
丈,zhang4
三,san1
上,shang3,shang4
下,xia4
不,bu2,bu4
与,yu2,yu3,yu4
丏,mian3
丐,gai4
丑,chou3
专,zhuan1
且,ju1,qie3
丕,pi1
世,shi4
丘,qiu1
丙,bing3
业,ye4
丛,cong2
东,dong1
丝,si1
丞,cheng2
丟,diu1
丢,diu1
两,liang3
严,yan2
並,bing4
丧,sang1,sang4
个,ge4,ge3
丫,ya1
中,zhong1,zhong4
丰,feng1
丱,guan4
串,chuan4
临,lin2
丸,wan2
丹,dan1
为,wei2,wei4
主,zhu3
丽,li2,li4
举,ju3
乂,yi4
乃,nai3
久,jiu3
乇,tuo1
么,ma5,me5,yao1
义,yi4
之,zhi1
乌,wu1,wu4
乍,zha4
乎,hu1
乏,fa2
乐,le4,yue4
乒,ping1
乓,pang1
乔,qiao2
乖,guai1
乘,cheng2,sheng4
乙,yi3
乜,mie1,nie4
九,jiu3
乞,qi3
也,ye3
习,xi2
乡,xiang1
书,shu1
乩,ji1
买,mai3
乱,luan4
乳,ru3
乸,na3
乾,gan1,qian2
亂,luan4
了,le5,liao3,liao4
予,yu2,yu3
争,zheng1
事,shi4
二,er4
亍,chu4
于,yu2
亏,kui1
云,yun2
互,hu4
亓,qi2
五,wu3
井,jing3
亘,gen4
亙,gen4
亚,ya4
些,xie1
亞,ya4
亟,ji2,qi4
亡,wang2
亢,kang4
交,jiao1
亥,hai4
亦,yi4
产,chan3
亨,heng1
亩,mu3
享,xiang3
京,jing1
亭,ting2
亮,liang4
亱,ye4
亲,qin1,qing4
亳,bo2
亵,xie4
亶,dan3,dan4
亷,lian2
亸,duo3
亹,men2,wei3
人,ren2
亾,wang2
亿,yi4
什,shen2,shi2
仁,ren2
仂,le4
仃,ding1
仄,ze4
仅,jin3,jin4
仆,pu1,pu2
仇,chou2,qiu2
仉,zhang3
今,jin1
介,jie4
仍,reng2
从,cong1,cong2
仑,lun2
仓,cang1
仔,zai3,zi1,zi3
仕,shi4
他,ta1
仗,zhang4
付,fu4
仙,xian1
仛,tuo1
仝,tong2
仞,ren4
仟,qian1
仡,ge1,yi4
代,dai4
令,ling2,ling3,ling4
以,yi3
仨,sa1
仪,yi2
仫,mu4
们,men5
仰,yang3
仲,zhong4
仳,pi3
仵,wu3
件,jian4
价,jia4,jie4,jie5
任,ren2,ren4
份,fen4
仿,fang3
伀,zhong1
企,qi3
伃,yu2
伈,xin3
伉,kang4
伊,yi1
伋,ji2
伍,wu3
伎,ji4
伏,fu2
伐,fa2
休,xiu1
伕,fu1
众,zhong4
优,you1
伙,huo3
会,hui4,kuai4
伛,yu3
伞,san3
伟,wei3
传,chuan2,zhuan4
伡,che1
伢,ya2
伤,shang1
伥,chang1
伦,lun2
伧,cang1,chen5
伪,wei3
伫,zhu4
伯,bai3,bo2
估,gu1,gu4
伲,ni4
伴,ban4
伶,ling2
伷,zhou4
伸,shen1
伺,ci4,si4
似,shi4,si4
伽,ga1,jia1,qie2
伾,pi1
佀,si4
佃,dian4,tian2
但,dan4
佇,zhu4
佈,bu4
佉,qu1
佊,bi3
位,wei4
低,di1
住,zhu4
佐,zuo3
佑,you4
体,ti1,ti3
佔,zhan4
何,he2
佗,tuo2
佘,she2
余,yu2
佚,yi4
佛,fo2,fu2
作,zuo1,zuo2,zuo4
佝,gou1
佞,ning4
佟,tong2
你,ni3
佢,qu2
佣,yong1,yong4
佤,wa3
佥,qian1
佧,ka3
佩,pei4
佫,he4
佬,lao3
佯,yang2
佰,bai3
佳,jia1
佴,er4,nai4
佶,ji2
佹,gui3
佺,quan2
佻,tiao1
佼,jiao3
佽,ci4
佾,yi4
使,shi3
侁,shen1
侂,tuo1
侃,kan3
侄,zhi2
來,lai2
侈,chi3
侉,kua3
例,li4
侍,shi4
侏,zhu1
侑,you4
侔,mou2
侖,lun2
侗,dong4,tong2,tong3
侘,cha4
供,gong1,gong4
侜,zhou1
依,yi1
侠,xia2
侣,lü3
侥,jiao3,yao2
侦,zhen1
侧,ce4,ze4,zhai1
侨,qiao2
侩,kuai4
侪,chai2
侬,nong2
侮,wu3
侯,hou2,hou4
侴,chou3
侵,qin1
侷,ju2
侹,ting3
侻,tui4,tuo1
便,bian4,pian2
係,xi4
促,cu4
俄,e2
俅,qiu2
俊,jun4
俍,liang2
俎,zu3
俏,qiao4
俐,li4
俑,yong3
俗,su2
俘,fu2
俚,li3
俛,fu3,mian3
俜,ping1
保,bao3
俞,shu4,yu2
俟,qi2,si4
俠,xia2
信,xin4
俣,yu3
俤,di4
俦,chou2
俨,yan3
俩,lia3,liang3
俪,li4
俭,jian3
修,xiu1
俯,fu3
俱,ju1,ju4
俳,pai2
俵,biao4
俶,chu4,ti4
俸,feng4
俺,an3
俻,bei4
俾,bi3
倀,chang1
倂,bing4
倅,cui4
倆,lia3,liang3
倈,lai2
倉,cang1
個,ge3,ge4
倌,guan1
倍,bei4
倏,shu1
倐,shu1
倒,dao3,dao4
倓,tan2
倔,jue2,jue4
倖,xing4
倘,chang2,tang3
候,hou4
倚,yi3
倜,ti4
倞,jing4,liang4
借,jie4
倡,chang4
倢,jie2
倣,fang3
倥,kong1,kong3
倦,juan4
倨,ju4
倩,qian4
倪,ni2
倫,lun2
倬,zhuo1
倭,wo1
倮,luo3
倳,zi4
倴,ben4
倷,nai3
倸,cai3
债,zhai4
倻,ye1
值,zhi2
倾,qing1
偁,cheng1
偃,yan3
假,jia3,jia4
偈,ji4,jie2
偉,wei3
偊,yu3
偌,ruo4
偎,wei1
偏,pian1
偓,wo4
偕,xie2
做,zuo4
停,ting2
偢,chou3,qiao4
健,jian4
偪,bi1
偬,zong3
偰,xie4
偲,cai1,si1
偶,ou3
偷,tou1
偺,za2,zan2,zan5
偻,lou2,lü3
偽,wei3
偾,fen4
偿,chang2
傀,gui1,kui3
傅,fu4
傈,li4
傉,nu4
傍,bang4
傎,dian1
傑,jie2
傒,xi1
傕,jue2
傖,cang1,chen5
傘,san3
備,bei4
傚,xiao4
傜,yao2
傢,jia1
傣,dai3
傤,zai4
傥,tang3
傧,bin1
储,chu3
傩,nuo2
催,cui1
傭,yong1
傯,zong3
傲,ao4
傳,chuan2,zhuan4
傴,yu3
傷,shang1
傺,chi4
傻,sha3
僂,lou2,lü3
僄,piao4
僅,jin3,jin4
僇,lu4
僉,qian1
僊,xian1
働,dong4
像,xiang4
僑,qiao2
僕,pu2
僖,xi1
僚,liao2
僝,chan2
僞,wei3
僡,hui4
僢,chuan3
僥,jiao3,yao2
僦,jiu4
僧,seng1
僬,jiao1
僭,jian4
僮,tong2,zhuang4
僰,bo2
僱,gu4
僳,su4
僵,jiang1
僶,min3
價,jia4,jie5
僻,pi4
僽,zhou4
儀,yi2
儁,jun4
儂,nong2
億,yi4
儅,dang4
儆,jing3
儇,xuan1
儈,kuai4
儉,jian3
儋,dan1
儍,sha3
儐,bin1
儒,ru2
儓,tai2
儔,chou2
儕,chai2
儗,ni3
儘,jin3
償,chang2
儡,lei3
優,you1
儭,chen4
儱,long3
儴,rang2
儵,shu1
儷,li4
儸,luo2
儹,zan3
儺,nuo2
儻,tang3
儼,yan3
儽,lei2
儿,er2
兀,wu1,wu4
允,yun3
元,yuan2
兄,xiong1
充,chong1
兆,zhao4
兇,xiong1
先,xian1
光,guang1
克,ke4
免,mian3
兎,tu4
兑,dui4
兒,er2,ni2
兔,tu4
兕,si4
兖,yan3
党,dang3
兜,dou1
兢,jing1
入,ru4
全,quan2
兩,liang3
八,ba1,ba2
公,gong1
六,liu4,lu4
兮,xi1
兰,lan2
共,gong4
关,guan1
兴,xing1,xing4
兵,bing1
其,ji1,qi2
具,ju4
典,dian3
兹,ci2,zi1
养,yang3
兼,jian1
兽,shou4
冀,ji4
冁,chan3
冄,ran3
内,nei4
冇,mao3
冈,gang1
冉,ran3
冊,ce4
册,ce4
再,zai4
冏,jiong3
冒,mao4,mo4
冓,gou4
冕,mian3
冗,rong3
写,xie3,xie4
军,jun1
农,nong2
冠,guan1,guan4
冢,zhong3
冤,yuan1
冥,ming2
冪,mi4
冬,dong1
冮,gang1
冯,feng2,ping2
冰,bing1
冱,hu4
冲,chong1,chong4
决,jue2
况,kuang4
冶,ye3
冷,leng3
冻,dong4
冼,xian3
冽,lie4
净,jing4
凃,tu2
凄,qi1
准,zhun3
凇,song1
凉,liang2,liang4
凊,qing4
凋,diao1
凌,ling2
凍,dong4
减,jian3
凑,cou4
凓,li4
凔,chuang4
凘,si1
凙,duo2
凛,lin3
凜,lin3
凝,ning2
凟,du2
几,ji1,ji3
凡,fan2
凢,fan2
凤,feng4
処,chu3,chu4
凫,fu2
凭,ping2
凯,kai3
凰,huang2
凱,kai3
凳,deng4
凴,ping2
凶,xiong1
凷,kuai4
凸,tu1
凹,ao1,wa1
出,chu1
击,ji1
凼,dang4
函,han2
凿,zao2,zuo4
刀,dao1
刁,diao1
刃,ren4
刄,ren4
分,fen1,fen4
切,qie1,qie4
刈,yi4
刊,kan1
刌,cun3
刍,chu2
刎,wen3
刑,xing2
划,hua2,hua4,huai5
刓,wan2
刖,yue4
列,lie4
刘,liu2
则,ze2
刚,gang1
创,chuang1,chuang4
刜,fu2
初,chu1
删,shan1
判,pan4
刦,jie2
刧,jie2
刨,bao4,pao2
利,li4
刪,shan1
别,bie2,bie4
刬,chan3,chan4
刭,jing3
刮,gua1
到,dao4
刲,kui1
刳,ku1
刴,duo4
刵,er4
制,zhi4
刷,shua1,shua4
券,quan4,xuan4
刹,cha4,sha1
刺,ci1,ci4
刻,ke4
刼,jie2
刽,gui4
刿,gui4
剀,kai3
剁,duo4
剂,ji4
剃,ti4
剄,jing3
剅,lou2
剉,cuo4
削,xiao1,xue1
剋,ke4,kei1
剌,la2,la4
前,qian2
剏,chuang4
剐,gua3
剑,jian4
剒,cuo4
剔,ti1
剕,fei4
剖,pou1
剗,chan3,chan4
剙,chuang4
剚,zi4
剛,gang1
剜,wan1
剞,ji1
剟,duo1
剠,qing2
剡,shan4,yan3
剥,bao1,bo1
剧,ju4
剨,huo1
剩,sheng4
剪,jian3
剮,gua3
副,fu4
割,ge1
剴,kai3
創,chuang1,chuang4
剷,chan3
剺,li2
剽,piao1
剿,chao1,jiao3
劀,gua1
劁,qiao1
劂,jue2
劃,hua2,hua4,huai5
劄,zha1,zha2
劇,ju4
劈,pi1,pi3
劉,liu2
劊,gui4
劌,gui4
劍,jian4
劐,huo1
劑,ji4
劓,yi4
劔,jian4
劗,jian3
劘,mo2
劙,li2
劚,zhu3
力,li4
劝,quan4
办,ban4
功,gong1
加,jia1
务,wu4
劢,mai4
劣,lie4
劤,jin4
动,dong4
助,zhu4
努,nu3
劫,jie2
劬,qu2
劭,shao4
励,li4
劲,jin4,jing4
劳,lao2
効,xiao4
劻,kuang1
劾,he2
势,shi4
勁,jin4,jing4
勃,bo2
勅,chi4
勇,yong3
勉,mian3
勋,xun1
勍,qing2
勐,meng3
勑,chi4
勒,le4,lei1
勔,mian3
動,dong4
勖,xu4
勗,xu4
勘,kan1
務,wu4
勚,yi4
勝,sheng4
勞,lao2
募,mu4
勠,lu4
勢,shi4
勣,ji1
勤,qin2
勥,jiang4
勦,chao1,jiao3
勰,xie2
勱,mai4
勳,xun1
勵,li4
勷,rang2
勸,quan4
勺,shao2
勼,jiu1
勾,gou1,gou4
勿,wu4
匀,yun2
匄,gai4
包,bao1
匆,cong1
匈,xiong1
匉,peng1
匊,ju1
匋,tao2
匍,pu2
匏,pao2
匐,fu2
匕,bi3
化,hua1,hua4
北,bei3
匙,chi2,shi5
匜,yi2
匝,za1
匠,jiang4
匡,kuang1
匣,xia2
匦,gui3
匪,fei3
匮,kui4
匯,hui4
匲,lian2
匳,lian2
匵,du2
匹,pi3
区,ou1,qu1
医,yi1
匼,ke1
匾,bian3
匿,ni4
區,ou1,qu1
十,shi2
千,qian1
卅,sa4
升,sheng1
午,wu3
卉,hui4
半,ban4
卋,shi4
卌,xi4
华,hua2,hua4
协,xie2
卑,bei1
卒,cu4,zu2
卓,zhuo1
協,xie2
单,chan2,dan1,shan4
卖,mai4
南,na1,nan2
博,bo2
卜,bo5,bu3
卝,kuang4
卞,bian4
卟,bu3
占,zhan1,zhan4
卡,ka3,qia3
卢,lu2
卣,you3
卤,lu3
卦,gua4
卧,wo4
卨,xie4
卫,wei4
卬,ang2
卮,zhi1
卯,mao3
印,yin4
危,wei1
卲,shao4
即,ji2
却,que4
卵,luan3
卷,juan3,juan4
卸,xie4
卹,xu4
卺,jin3
卻,que4
卼,wu4
卿,qing1
厂,an1,chang3
厄,e4
厅,ting1
历,li4
厉,li4
压,ya1,ya4
厌,yan4
厍,she4
厓,ya2
厔,zhi4
厕,ce4,si5
厖,pang2
厘,li2
厚,hou4
厛,ting1
厝,cuo4
原,yuan2
厢,xiang1
厣,yan3
厤,li4
厥,jue2
厦,sha4,xia4
厨,chu2
厩,jiu4
厪,jin3
厫,ao2
厭,yan4
厮,si1
厰,chang3
厲,li4
厴,yan3
厶,si1
去,qu4
厾,du1
县,xian4
叁,san1
参,can1,cen1,shen1
參,can1,cen1,shen1
叆,ai4
叇,dai4
又,you4
叉,cha1,cha2,cha3,cha4
及,ji2
友,you3
双,shuang1
反,fan3
収,shou1
发,fa1,fa4
叔,shu1
取,qu3
受,shou4
变,bian4
叙,xu4
叛,pan4
叜,sou3
叟,sou3
叠,die2
叡,rui4
叢,cong2
口,kou3
古,gu3
句,gou1,gou4,ju4
另,ling4
叨,dao1,dao2,tao1
叩,kou4
只,zhi1,zhi3
叫,jiao4
召,shao4,zhao4
叭,ba1
叮,ding1
可,ke3,ke4
台,tai1,tai2
叱,chi4
史,shi3
右,you4
叵,po3
叶,xie2,ye4
号,hao2,hao4
司,si1
叹,tan4
叻,le4
叼,diao1
叽,ji1
吁,xu1,yu1,yu4
吃,chi1
各,ge3,ge4
吆,yao1
合,ge3,he2
吉,ji2
吊,diao4
吋,cun4,ying1
同,tong2,tong4
名,ming2
后,hou4
吏,li4
吐,tu3,tu4
向,xiang4
吒,zha1,zha4
吓,he4,xia4
吕,lü3
吗,ma2,ma3,ma5
吚,yi1
君,jun1
吝,lin4
吞,tun1
吟,yin2
吠,fei4
吡,bi3,pi3
吢,qin4
吣,qin4
吥,bu4
否,fou3,pi3
吧,ba1,ba5
吨,dun1
吩,fen1
吪,e2
含,han2
听,ting1
吭,hang2,keng1
吮,shun3
启,qi3
吰,hong2
吱,zhi1,zi1
吲,yin3
吳,wu2
吴,wu2
吵,chao1,chao3
吸,xi1
吹,chui1
吻,wen3
吼,hou3
吽,hong1
吾,wu2
呀,ya1,ya5
呃,e4,e5
呆,ai2,dai1
呈,cheng2
告,gao4
呋,fu1
呌,jiao4
呎,chi3,ying1
呐,na4,na5,ne4,ne5
呒,ḿ
呓,yi4
呔,dai1,tai3
呕,ou3,ou4
呖,li4
呗,bai4,bei5
员,yuan2,yun2,yun4
呙,guo1
呛,qiang1,qiang4
呜,wu1
呝,e4
呢,ne5,ni2
呣,ḿ,m̀
呤,ling4
呦,you1
周,zhou1
呪,zhou4
呰,zi3
呱,gu1,gua1,gua3
呲,ci1,zi1
味,wei4
呵,a1,a2,a4,a5,he1,ke1
呶,nao2,nu3
呷,ga1,xia1
呸,pei1
呻,shen1
呼,hu1
命,ming4
咀,ju3,zui3
咂,za1
咄,duo1
咆,pao2
咋,za3,ze2,zha1
和,he2,he4,hu2,huo2,huo4
咍,hai1
咎,jiu4
咏,yong3
咐,fu4
咑,da1
咒,zhou4
咔,ka1,ka3
咕,gu1
咖,ga1,ka1
咙,long2
咚,dong1
咛,ning2
咝,si1
咣,guang1
咤,zha4
咦,yi2
咧,lie1,lie3,lie5
咨,zi1
咩,mie1
咪,mi1
咫,zhi3
咬,yao3
咭,ji1
咮,zhou4
咯,ge1,ka3,lo5,luo4
咱,za2,zan2,zan5
咲,xiao4
咳,hai1,ke2
咴,hui1
咵,kua3
咷,tao2
咸,xian2
咻,xiu1
咼,guo1
咽,yan1,yan4,ye4
咿,yi1
哀,ai1
品,pin3
哂,shen3
哄,hong1,hong3,hong4
哅,xiong1
哆,duo1
哇,wa1,wa5
哈,ha1,ha3,ha4
哉,zai1
哌,pai4
响,xiang3
哎,ai1
哏,gen2
哐,kuang1
哑,ya1,ya3
哓,xiao1
哔,bi4
哕,hui4,yue3
哗,hua1,hua2
哙,kuai4
哚,duo3
哜,ji4
哝,nong2
哞,mou1
哟,yo1,yo5
哢,long4
哥,ge1
哦,e2,o2,o4
哧,chi1
哨,shao4
哩,li1,li3,li5,ying1
哪,na3,na5,nai3,ne2,nei3
哭,ku1
哮,xiao1
哱,bo1
哲,zhe2
哳,zha1
哶,mie1
哺,bu3
哼,heng1,hng
哽,geng3
哿,ge3
唁,yan4
唆,suo1
唇,chun2
唈,yi4
唉,ai1,ai4
唏,xi1
唐,tang2
唑,zuo4
唓,che1
唔,ń,ńg,wu2
唗,dou1
唙,di2
唚,qin4
唝,gong4,hong3
唠,lao2,lao4
唡,liang3,ying1
唢,suo3
唣,zao4
唤,huan4
唧,ji1
唪,feng3
唫,jin4,yin2
唬,hu3,xia4
售,shou4
唯,wei2,wei3
唰,shua1
唱,chang4
唳,li4
唷,yo1
唸,nian4
唼,sha4
唾,tuo4
唿,hu1
啁,zhao1,zhou1
啃,ke3n
啄,zhuo2
商,shang1
啈,heng1,heng4
啉,lin2
啊,a1,a2,a3,a4,a5
啎,wu3
啐,cui4
啓,qi3
啕,tao2
啖,dan4
啗,dan4
啙,zi3
啜,chuai4,chuo4
啞,ya1,ya3
啟,qi3
啡,fei1
啢,liang3,ying1
啣,xian2
啤,pi2
啥,sha4
啦,la1,la5
啧,ze2
啪,pa1
啬,se4
啭,zhuan4
啮,nie4
啴,chan3,tan1
啵,bo5
啶,ding4
啷,lang1
啸,xiao4
啻,chi4
啼,ti2
啾,jiu1
喀,ka1
喁,yong2
喂,wei4
喃,nan2
善,shan4
喆,zhe2
喇,la1,la2,la3
喈,jie1
喉,hou2
喊,han3
喋,die2,zha2
喌,zhou1
喎,wai1
喏,nuo4,re3
喑,yin1
喒,za2,zan2,zan5
喓,yao1
喔,o1,o4,wo1
喘,chuan3
喙,hui4
喜,xi3
喝,he1,he4
喟,kui4
喤,huang2
喧,xuan1
喨,liang4
喪,sang1,sang4
喫,chi1
喬,qiao2
喭,yan4
單,chan2,dan1,shan4
喱,li2
喳,cha1,zha1
喵,miao1
喷,pen1,pen4
喹,kui2
喻,yu4
喽,lou2,lou5
喾,ku4
嗁,ti2
嗄,a2,sha4
嗅,xiu4
嗆,qiang1,qiang4
嗇,se4
嗈,yong1
嗉,su4
嗌,ai4,yi4
嗍,suo1
嗐,hai4
嗑,ke1,ke4
嗒,da1,ta4
嗓,sang3
嗔,chen1
嗖,sou1
嗙,pang3
嗚,wu1
嗛,qian3
嗜,shi4
嗝,ge2
嗞,zi1
嗟,jie1,jue1
嗡,weng1
嗣,si4
嗤,chi1
嗥,hao2
嗦,suo1
嗨,hai1,hei1
嗪,qin2
嗫,nie4
嗬,he1
嗯,ń,ň,ǹ,ńg,ňg,ǹg
嗲,dia3
嗳,ai1,ai3,ai4
嗵,tong1
嗶,bi4
嗷,ao2
嗻,zhe1,zhe4
嗽,sou4
嗾,sou3
嘀,di1,di2
嘁,qi1
嘅,kai3
嘆,tan4
嘈,cao2
嘉,jia1
嘌,piao4
嘍,lou2,lou5
嘎,ga1,ga2,ga3
嘏,gu3,jia3
嘑,hu1
嘒,hui4
嘔,ou3
嘗,chang2
嘘,shi1,xu1
嘚,de1,dei1
嘛,ma5
嘞,lei5
嘟,du1
嘡,tang1
嘣,beng1
嘤,ying1
嘦,jiao4
嘧,mi4
嘩,hua1,hua2
嘬,chuai4,zuo1
嘭,peng1
嘮,lao2,lao4
嘯,xiao4
嘰,ji1
嘱,zhu3
嘲,chao2,zhao1
嘴,zui3
嘵,xiao1
嘶,si1
嘸,ḿ
嘹,liao2
嘻,xi1
嘽,chan3,tan1
嘿,hei1,mo4
噀,xun4
噁,e3
噆,zan3
噇,chuang2
噉,dan4
噌,ceng1,cheng1
噍,jiao4
噎,ye1
噏,xi1
噐,qi4
噑,hao2
噔,deng1
噗,pu1
噘,jue1
噙,qin2
噚,xun2
噜,lu1
噝,si1
噠,da1
噢,o1
噤,jin4
噥,nong2
噦,hui4,yue3
器,qi4
噩,e4
噪,zao4
噫,yi1
噬,shi4
噭,jiao4
噯,ai1,ai3,ai4
噰,yong1
噱,jue2,xue2
噲,kuai4
噶,ga2
噷,hm
噸,dun1
噹,dang1
噻,sai1
噼,pi1
噽,pi3
嚀,ning2
嚃,ta1
嚄,huo1,huo4,o3
嚅,ru2
嚆,hao1
嚇,he4,xia4
嚌,ji4
嚎,hao2
嚏,ti4
嚐,chang2
嚓,ca1,cha1
嚙,nie4
嚚,yin2
嚜,me5
嚣,ao2,xiao1
嚥,yan4
嚦,li4
嚨,long2
嚪,dan4
嚫,chen4
嚬,pin2
嚭,pi3
嚮,xiang4
嚯,huo4
嚲,duo3
嚳,ku4
嚴,yan2
嚷,rang1,rang3
嚻,xiao1
嚼,jiao2,jiao4,jue2
嚾,huan1
囀,zhuan4
囁,nie4
囅,chan3
囈,yi4
囉,luo1,luo2
囊,nang1,nang2
囌,su1
囑,zhu3
囔,nang1
囘,hui2
囚,qiu2
四,si4
囝,jian3,nan1
回,hui2
囟,xin4
因,yin1
囡,nan1
团,tuan2
囤,dun4,tun2
囥,kang4
囫,hu2
囬,hui2
园,yuan2
囮,e2
囯,guo2
困,kun4
囱,cong1
围,wei2
囵,lun2
囷,qu1n
囹,ling2
固,gu4
国,guo2
图,tu2
囿,you4
圂,hun4
圃,pu3
圄,yu3
圅,han2
圆,yuan2
圇,lun2
圈,juan1,juan4,quan1
圉,yu3
圊,qing1
國,guo2
圌,chuan2,chui2
圍,wei2
圐,ku1
園,yuan2
圕,tu2
圖,tu2
團,tuan2
圙,lüe4
圜,huan2,yuan2
圝,luan2
圞,luan2
土,tu3
圣,sheng4
在,zai4
圩,wei2,xu1
圪,ge1
圬,wu1
圭,gui1
圮,pi3
圯,yi2
地,de5,di4
圳,zhen4
圹,kuang4
场,chang2,chang3
圻,qi2,yin2
圾,ji1
址,zhi3
坂,ban3
均,jun1
坊,fang1,fang2
坋,ben4,fen4
坌,ben4
坍,tan1
坎,kan3
坏,huai4,pi1
坐,zuo4
坑,keng1
块,kuai4
坚,jian1
坛,tan2
坜,li4
坝,ba4
坞,wu4
坟,fen2
坠,zhui4
坡,po1
坢,ban4
坤,kun1
坦,tan3
坨,tuo2
坩,gan1
坪,ping2
坫,dian4
坭,ni2
坯,pi1
坳,ao4
坵,qiu1
坶,mu3
坷,jiong1,ke1,ke3
坻,chi2,di3
坼,che4
坿,fu4
垂,chui2
垃,la1
垄,long3
垆,lu2
垇,ao4
型,xing2
垌,dong4,tong2
垍,ji4
垒,lei3
垓,gai1
垕,hou4
垚,yao2
垛,duo3,duo4
垜,duo3,duo4
垝,gui3
垞,cha2
垟,yang2
垠,yin2
垡,fa2
垢,gou4
垣,yuan2
垤,die2
垦,ke3n
垧,shang3
垩,e4
垫,dian4
垭,ya1
垮,kua3
垯,da5
垱,dang4
垲,kai3
垴,nao3
垵,an3
垸,yuan4
垽,yin4
垿,xu4
埂,geng3
埃,ai1
埆,que4
埋,mai2,man2
埌,lang4
城,cheng2
埏,shan1
埒,lie4
埔,bu4,pu3
埕,cheng2
埘,shi2
埙,xun1
埚,guo1
埜,ye3
埝,nian4
域,yu4
埠,bu4
埡,ya1
埤,pi2,pi4
埨,lun3
埭,dai4
埯,an3
埰,cai4
埳,kan3
埴,zhi2
埵,duo3
執,zhi2
埸,yi4
培,pei2
基,ji1
埻,zhun3
埼,qi2
埽,sao4
堀,ku1
堂,tang2
堃,kun1
堄,ni4
堅,jian1
堆,dui1,zui1
堇,jin3
堉,yu4
堊,e4
堋,peng2
堌,gu4
堍,tu4
堎,leng4
堑,qian4
堕,duo4,hui1
堖,nao3
堘,cheng2
堙,yin1
堝,guo1
堞,die2
堠,hou4
堡,bao3,bu3,pu4
堤,di1
堦,jie1
堧,ruan2
堩,geng4
堪,kan1
堯,yao2
堰,yan4
報,bao4
場,chang2,chang3
堵,du3
堶,tuo2
堽,gang1
堾,chun1
堿,jian3
塃,huang1
塄,leng2
塅,duan4
塆,wan1
塈,ji4
塊,kuai4
塋,ying2
塌,ta1
塍,cheng2
塏,kai3
塑,su4
塒,shi2
塔,da5,ta3
塕,weng3
塗,tu2
塘,tang2
塙,que4
塜,zhong3
塝,bang4
塞,sai1,sai4,se4
塢,wu4
塥,ge2
塨,gong1
填,tian2
塬,yuan2
塮,xie4
塱,lang3
塲,chang2,chang3
塵,chen2
塼,zhuan1
塽,shuang3
塾,shu2
墀,chi2
墁,man4
境,jing4
墅,shu4
墈,kan4
墉,yong1
墊,dian4
墐,jin4
墒,shang1
墓,mu4
墖,ta3
墘,qian2
墙,qiang2
墚,liang2
墜,zhui4
墝,qiao1
增,zeng1
墟,xu1
墠,shan4
墡,shan4
墦,fan2
墨,mo4
墩,dun1
墬,di4
墮,duo4
墰,tan2
墳,fen2
墶,da5
墻,qiang2
墼,ji1
墾,ke3n
壁,bi4
壄,ye3
壅,yong1
壇,tan2
壈,lan3
壋,dang4
壎,xun1
壑,he4
壓,ya1,ya4
壕,hao2
壖,ruan2
壘,lei3
壙,kuang4
壚,lu2
壜,tan2
壞,huai4
壟,long3
壠,long3
壢,li4
壤,rang3
壩,ba4
壪,wan1
士,shi4
壬,ren2
壮,zhuang4
壯,zhuang4
声,sheng1
壳,ke2,qiao4
壶,hu2
壸,kun3
壹,yi1
壺,hu2
壻,xu4
壼,kun3
壽,shou4
夀,shou4
处,chu3,chu4
备,bei4
复,fu4
夏,xia4
夐,xiong4
夒,nao2
夔,kui2
夕,xi1
外,wai4
夙,su4
多,duo1
夜,ye4
够,gou4
夠,gou4
夢,meng4
夤,yin2
夥,huo3
大,da4,dai4
天,tian1
太,tai4
夫,fu1,fu2
夬,guai4
夭,yao1
央,yang1
夯,ben4,hang1
失,shi1
头,tou2,tou5
夷,yi2
夸,kua1
夹,ga1,jia1,jia2
夺,duo2
夼,kuang3
夾,ga1,jia1,jia2
夿,ba1
奀,en1
奁,lian2
奂,huan4
奄,yan3
奅,pao4
奇,ji1,qi2
奈,nai4
奉,feng4
奋,fen4
奎,kui2
奏,zou4
奐,huan4
契,qi4,xie4
奓,zha1,zha4
奔,ben1,ben4
奕,yi4
奖,jiang3
套,tao4
奘,zang4,zhuang3
奚,xi1
奠,dian4
奡,ao4
奢,she1
奤,ha3,tai3
奥,ao4
奩,lian2
奪,duo2
奬,jiang3
奭,shi4
奮,fen4
奰,bi4
奲,duo3
女,nü3
奴,nu2
奶,nai3
奸,jian1
她,ta1
奼,cha4
好,hao3,hao4
妁,shuo4
如,ru2
妃,fei1
妄,wang4
妆,zhuang1
妇,fu4
妈,ma1
妊,ren4
妍,yan2
妒,du4
妓,ji4
妖,yao1
妗,jin4
妘,yun2
妙,miao4
妝,zhuang1
妞,niu1
妣,bi3
妤,yu2
妥,tuo3
妨,fang1,fang2
妩,wu3
妪,yu4
妫,gui1
妬,du4
妮,ni1
妯,zhou2
妲,da2
妹,mei4
妺,mo4
妻,qi1,qi4
妾,qie4
姁,xu3
姆,mu3
姊,zi3
始,shi3
姍,shan1
姐,jie3
姑,gu1
姒,si4
姓,xing4
委,wei1,wei3
姗,shan1
姘,pin1
姙,ren4
姚,yao2
姜,jiang1
姝,shu1
姞,ji2
姣,jiao1
姥,lao3,mu3
姦,jian1
姨,yi2
姪,zhi2
姬,ji1
姮,heng2
姱,kua1
姸,yan2
姹,cha4
姻,yin1
姽,gui3
姿,zi1
娀,song1
威,wei1
娃,wa2
娄,lou2
娅,ya4
娆,rao2,rao3
娇,jiao1
娈,luan2
娉,ping1
娌,li3
娑,suo1
娒,mei2
娓,wei3
娖,chuo4
娘,niang2
娜,na4,nuo2
娟,juan1
娠,shen1
娣,di4
娥,e2
娩,mian3,wan3
娬,wu3
娭,ai1,xi1
娱,yu2
娲,wa1
娴,xian2
娶,qu3
娼,chang1
娿,e1
婀,e1
婁,lou2
婆,po2
婉,wan3
婊,biao3
婕,jie2
婗,ni2
婚,hun1
婞,xing4
婢,bi4
婣,yin1
婦,fu4
婧,jing4
婪,lan2
婬,yin2
婭,ya4
婳,hua4
婴,ying1
婵,chan2
婶,shen3
婷,ting2
婺,wu4
婼,chuo4,ruo4
婾,tou1
婿,xu4
媒,mei2
媕,an1
媖,ying1
媚,mei4
媛,yuan2,yuan4
媟,xie4
媢,mao4
媧,wa1
媪,ao3
媭,xu1
媯,gui1
媲,pi4
媳,xi2
媵,ying4
媸,chi1
媾,gou4
媿,kui4
嫁,jia4
嫂,sao3
嫄,yuan2
嫉,ji2
嫋,niao3
嫌,xian2
嫏,lang2
嫒,ai4
嫔,pin2
嫕,yi4
嫖,piao2
嫗,yu4
嫘,lei2
嫚,man1,man4
嫛,yi1
嫜,zhang1
嫠,li2
嫡,di2
嫣,yan1
嫦,chang2
嫩,nen4
嫪,lao4
嫫,mo2
嫱,qiang2
嫳,pie4
嫵,wu3
嫺,xian2
嫽,liao2
嫿,hua4
嬀,gui1
嬈,rao2,rao3
嬉,xi1
嬋,chan2
嬌,jiao1
嬎,fan4
嬖,bi4
嬗,shan4
嬙,qiang2
嬛,huan2
嬡,ai4
嬪,pin2
嬭,nai3
嬲,niao3
嬴,ying2
嬷,ma1
嬸,shen3
嬾,lan3
孀,shuang1
孃,niang2
孌,luan2
子,zi3
孑,jie2
孓,jue2
孔,kong3
孕,yun4
孖,ma1
字,zi4
存,cun2
孙,sun1
孚,fu2
孛,bei4,bo2
孜,zi1
孝,xiao4
孟,meng4
孢,bao1
季,ji4
孤,gu1
孥,nu2
学,xue2
孩,hai2
孪,luan2
孫,sun1
孬,nao1
孰,shu2
孱,can4,chan2
孳,zi1
孵,fu1
學,xue2
孺,ru2
孼,nie4
孽,nie4
孿,luan2
宁,ning2,ning4
宂,rong3
它,ta1
宄,gui3
宅,zhai2
宇,yu3
守,shou3
安,an1
宋,song4
完,wan2
宏,hong2
宓,mi4
宕,dang4
宗,zong1
官,guan1
宙,zhou4
定,ding4
宛,wan3
宜,yi2
宝,bao3
实,shi2
宠,chong3
审,shen3
客,ke4
宣,xuan1
室,shi4
宥,you4
宦,huan4
宧,yi2
宪,xian4
宫,gong1
宬,cheng2
宭,qu2n
宰,zai3
害,hai4
宴,yan4
宵,xiao1
家,jia1,jia5,jie5
宸,chen2
容,rong2
宽,kuan1
宾,bin1
宿,su4,xiu3,xiu4
寀,cai3,cai4
寂,ji4
寃,yuan1
寄,ji4
寅,yin2
密,mi4
寇,kou4
富,fu4
寐,mei4
寒,han2
寓,yu4
寔,shi2
寖,jin4
寘,zhi4
寛,kuan1
寝,qin3
寞,mo4
察,cha2
寡,gua3
寢,qin3
寤,wu4
寥,liao2
實,shi2
寧,ning2,ning4
寨,zhai4
審,shen3
寫,xie3,xie4
寮,liao2
寯,jun4
寰,huan2
寱,yi4
寳,bao3
寵,chong3
寶,bao3
寸,cun4
对,dui4
寺,si4
寻,xin2,xun2
导,dao3
寿,shou4
封,feng1
射,she4
尅,ke4,kei1
将,jiang1,jiang4,qiang1
將,jiang1,jiang4,qiang1
專,zhuan1
尉,wei4,yu4
尊,zun1
尋,xin2,xun2
對,dui4
導,dao3
小,xiao3
少,shao3,shao4
尔,er3
尕,ga3
尖,jian1
尗,shu1
尘,chen2
尚,shang4
尜,ga2
尝,chang2
尟,xian3
尠,xian3
尢,you2
尤,you2
尥,liao4
尧,yao2
尨,mang2,meng2
尬,ga4
就,jiu4
尲,gan1
尴,gan1
尵,tui2
尷,gan1
尸,shi1
尹,yin3
尺,che3,chi3
尻,kao1
尼,ni2
尽,jin3,jin4
尾,wei3,yi3
尿,niao4,sui1
局,ju2
屁,pi4
层,ceng2
屃,xi4
屄,bi1
居,ju1
屆,jie4
屈,qu1
屉,ti4
届,jie4
屋,wu1
屌,diao3
屍,shi1
屎,shi3
屏,bing3,ping2
屐,ji1
屑,xie4
展,zhan3
屙,e1
屜,ti4
属,shu3,zhu3
屟,xie4
屠,tu2
屡,lü3
屢,lü3
屣,xi3
層,ceng2
履,lü3
屦,ju4
屧,xie4
屨,ju4
屩,jue1
屬,shu3,zhu3
屭,xi4
屯,tun2,zhun1
山,shan1
屹,ge1,yi4
屺,qi3
屼,wu4
屾,shen1
屿,yu3
岁,sui4
岂,qi3
岈,ya2
岌,ji2
岍,qian1
岐,qi2
岑,cen2
岔,cha4
岖,qu1
岗,gang1,gang3
岘,xian4
岙,ao4
岚,lan2
岛,dao3
岜,ba1
岞,zuo4
岡,gang1
岢,ke3
岣,gou3
岧,tiao2
岩,yan2
岫,xiu4
岬,jia3
岭,ling3
岱,dai4
岳,yue4
岵,hu4
岷,min2
岸,an4
岹,tiao2
岽,dong1
岾,han4
岿,kui1
峁,mao3
峂,tong2
峃,xue2
峄,yi4
峇,ba1
峋,xun2
峒,dong4,tong2
峕,shi2
峙,shi4,zhi4
峡,xia2
峣,yao2
峤,jiao4,qiao2
峥,zheng1
峦,luan2
峧,jiao1
峨,e2
峩,e2
峪,yu4
峬,bu1
峭,qiao4
峯,feng1
峰,feng1
峱,nao2
島,dao3
峻,jun4
峽,xia2
崀,lang4
崁,kan4
崂,lao2
崃,lai2
崄,xian3
崆,kong1
崇,chong2
崍,lai2
崎,qi2
崑,kun1
崒,zu2
崔,cui1
崕,ya2
崖,ya2
崗,gang3
崙,lun2
崚,leng2
崛,jue2
崞,guo1
崟,yin2
崤,xiao2
崦,yan1
崧,song1
崩,beng1
崪,zu2
崬,dong1
崭,zhan3
崮,gu4
崯,yin2
崴,wai3,wei1
崽,zai3
嵇,ji1
嵊,sheng4
嵋,mei2
嵌,kan4,qian4
嵎,yu2
嵒,yan2
嵖,cha2
嵗,sui4
嵘,rong2
嵚,qin1
嵛,yu2
嵝,lou3
嵩,song1
嵫,zi1
嵬,wei2
嵯,cuo2
嵲,nie4
嵽,die2
嶁,lou3
嶂,zhang4
嶅,ao2
嶇,qu1
嶍,xi2
嶒,ceng2
嶓,bo1
嶕,jiao1
嶗,lao2
嶙,lin2
嶝,deng4
嶠,jiao4,qiao2
嶢,yao2
嶧,yi4
嶨,xue2
嶩,nao2
嶮,xian3
嶰,xie4
嶲,xi1
嶴,ao4
嶷,yi2
嶸,rong2
嶺,ling3
嶼,yu3
嶽,yue4
巅,dian1
巇,xi1
巉,chan2
巋,kui1
巍,wei1
巎,nao2
巒,luan2
巖,yan2
巘,yan3
川,chuan1
州,zhou1
巠,jing1
巡,xun2
巢,chao2
工,gong1
左,zuo3
巧,qiao3
巨,ju4
巩,gong3
巫,wu1
差,cha1,cha4,chai1,chai4,ci1
巯,qiu2
巰,qiu2
己,ji3
已,si4,yi3
巳,si4
巴,ba1
巵,zhi1
巷,hang4,xiang4
巽,xun4
巾,jin1
帀,za1
币,bi4
市,fu2,shi4
布,bu4
帅,shuai4
帆,fan1
师,shi1
帊,pa4
帋,zhi3
希,xi1
帏,wei2
帐,zhang4
帑,tang3
帔,pei4
帕,pa4
帖,tie1,tie3,tie4
帘,lian2
帙,zhi4
帚,zhou3
帛,bo2
帜,zhi4
帝,di4
帡,ping2
帣,juan3,juan4
帥,shuai4
带,dai4
帧,zheng4
帨,shui4
帩,qiao4
師,shi1
帬,qu2n
席,xi2
帮,bang1
帱,chou2,dao4
帳,zhang4
帵,wan1
帶,dai4
帷,wei2
常,chang2
帻,ze2
帼,guo2
帽,mao4
幂,mi4
幃,wei2
幄,wo4
幅,fu2
幈,ping2
幌,huang3
幎,mi4
幔,man4
幕,mu4
幖,biao1
幗,guo2
幛,zhang4
幞,fu2
幟,zhi4
幠,hu1
幡,fan1
幢,chuang2,zhuang4
幣,bi4
幧,qiao1
幪,meng2
幫,bang1
幬,chou2,dao4
幮,chu2
幰,xian3
幱,lan2
干,gan1,gan4
平,ping2
年,nian2
并,bing1,bing4
幸,xing4
幹,gan4
幺,yao1
幻,huan4
幼,you4
幽,you1
幾,ji1,ji3
广,an1,guang3
庀,pi3
庄,zhuang1
庆,qing4
庇,bi4
床,chuang2
庋,gui3
序,xu4
庐,lu2
庑,wu3
库,ku4
应,ying1,ying4
底,de5,di3
庖,pao2
店,dian4
庙,miao4
庚,geng1
府,fu3
庞,pang2
废,fei4
庠,xiang2
庤,zhi4
庥,xiu1
度,du4,duo2
座,zuo4
庪,gui3
庭,ting2
庯,bu1
庳,bi4
庵,an1
庶,shu4
康,kang1
庸,yong1
庹,tuo3
庼,qing3
庽,yu4
庾,yu3
廁,ce4,si5
廂,xiang1
廄,jiu4
廆,gui1,wei3
廈,sha4,xia4
廉,lian2
廊,lang2
廋,sou1
廐,jiu4
廑,jin3,qin2
廒,ao2
廓,kuo4
廕,yin4
廖,liao4
廙,yi4
廚,chu2
廛,chan2
廝,si1
廟,miao4
廠,chang3
廡,wu3
廢,fei4
廣,guang3
廨,xie4
廩,lin3
廪,lin3
廬,lu2
廳,ting1
廵,xun2
延,yan2
廷,ting2
廸,di2
廹,pai3,po4
建,jian4
廻,hui2
廼,nai3
廿,nian4
开,kai1
弁,bian4
异,yi4
弃,qi4
弄,long4,nong4
弆,ju3
弇,yan3
弈,yi4
弊,bi4
弋,yi4
弌,yi1
弍,er4
弎,san1
式,shi4
弑,shi4
弓,gong1
弔,diao4
引,yin3
弗,fu2
弘,hong2
弛,chi2
弟,di4
张,zhang1
弢,tao1
弥,mi2
弦,xian2
弧,hu2
弨,chao1
弩,nu3
弪,jing4
弭,mi3
弮,quan1
弯,wan1
弱,ruo4
張,zhang1
弶,jiang4
強,jiang4,qiang2,qiang3
弸,peng2
弹,dan4,tan2
强,jiang4,qiang2,qiang3
弻,bi4
弼,bi4
彀,gou4
彄,kou1
彆,bie4
彈,dan4,tan2
彉,guo1
彊,jiang4,qiang2,qiang3
彌,mi2
彍,guo1
彎,wan1
归,gui1
当,dang1,dang4
录,lu4
彖,tuan4
彗,hui4
彘,zhi4
彙,hui4
彜,yi2
彝,yi2
彟,yue1
彠,yue1
形,xing2
彤,tong2
彦,yan4
彧,yu4
彩,cai3
彪,biao1
彫,diao1
彬,bin1
彭,peng2
彰,zhang1
影,ying3
彳,chi4
彷,fang3,pang2
役,yi4
彻,che4
彼,bi3
彿,fu2
往,wang3,wang4
征,zheng1
徂,cu2
径,jing4
待,dai1,dai4
徇,xun4
很,hen3
徉,yang2
徊,huai2,hui2
律,lü4
後,hou4
徐,xu2
徑,jing4
徒,tu2
徕,lai2,lai4
得,de2,de5,dei3
徘,pai2
徙,xi3
徛,ji4
徜,chang2
從,cong1,cong2
徠,lai2,lai4
御,yu4
徧,bian4
徨,huang2
復,fu4
循,xun2
徬,pang2
徭,yao2
微,wei1
徯,xi1
徵,zheng1,zhi3
德,de2
徹,che4
徼,jiao3,jiao4
徽,hui1
心,xin1
必,bi4
忆,yi4
忉,dao1
忌,ji4
忍,ren3
忏,chan4
忐,tan3
忑,te4
忒,te4,tei1,tui1
忓,gan1
忖,cun3
志,zhi4
忘,wang2,wang4
忙,mang2
忝,tian3
忞,min2
忠,zhong1
忡,chong1
忣,ji2
忤,wu3
忧,you1
忨,wan4
忪,song1,zhong1
快,kuai4
忭,bian4
忮,zhi4
忱,chen2
忳,tun2
念,nian4
忷,xiong1
忸,niu3
忺,xian1
忻,xin1
忼,kang1
忽,hu1
忾,kai4
忿,fen4
怀,huai2
态,tai4
怂,song3
怃,wu3
怄,ou4
怅,chang4
怆,chuang4
怊,chao1
怍,zuo4
怎,zen3
怏,yang4
怒,nu4
怔,zheng1,zheng4
怕,pa4
怖,bu4
怙,hu4,tie1
怛,da2
怜,lian2
思,sai1,si1
怠,dai4
怡,yi2
急,ji2
怦,peng1
性,xing4
怨,yuan4
怩,ni2
怪,guai4
怫,fu2
怯,qie4
怱,cong1
怳,huang3
怵,chu4
怹,tan1
总,zong3
怼,dui4
怿,yi4
恁,nen4,nin2
恂,xun2
恃,shi4
恆,heng2
恇,kuang1
恉,zhi3
恋,lian4
恍,huang3
恐,kong3
恒,heng2
恓,xi1
恕,shu4
恙,yang4
恚,hui4
恝,jia2
恟,xiong1
恠,guai4
恢,hui1
恣,zi4
恤,xu4
恥,chi3
恧,nü4
恨,hen4
恩,en1
恪,ke4
恫,dong4,tong1
恬,tian2
恭,gong1
息,xi1
恰,qia4
恳,ke3n
恶,e3,e4,wu1,wu4
恸,tong4
恹,yan1
恺,kai3
恻,ce4
恼,nao3
恽,yun4
恿,yong3
悂,pi1
悃,kun3
悄,qiao1,qiao3
悉,xi1
悌,ti4
悍,han4
悒,yi4
悔,hui3
悖,bei4
悚,song3
悛,quan1
悝,kui1,li3
悞,wu4
悟,wu4
悠,you1
悢,liang4
患,huan4
悤,cong1
悦,yue4
您,nin2
悫,que4
悬,xuan2
悭,qian1
悯,min3
悱,fei3
悲,bei1
悴,cui4
悵,chang4
悸,ji4
悻,xing4
悼,dao4
悽,qi1
悾,kong1
惄,ni4
情,qing2
惆,chou2
惇,dun1
惊,jing1
惋,wan3
惎,ji4
惑,huo4
惓,quan2
惕,ti4
惘,wang3
惙,chuo4
惚,hu1
惛,hun1
惜,xi1
惝,chang3,tang3
惟,wei2
惠,hui4
惡,e3,e4,wu1,wu4
惦,dian4
惧,ju4
惨,can3
惩,cheng2
惪,de2
惫,bei4
惬,qie4
惭,can2
惮,dan4
惯,guan4
惰,duo4
惱,nao3
想,xiang3
惴,zhui4
惶,huang2
惷,chun3
惸,qiong2
惹,re3
惺,xing1
惼,bian3
惽,min3
愀,qiao3
愁,chou2
愆,qian1
愈,yu4
愉,yu2
愊,bi4
愍,min3
愎,bi4
意,yi4
愐,mian3
愒,kai4
愔,yin1
愕,e4
愙,ke4
愚,yu2
愛,ai4
愜,qie4
感,gan3
愠,yun4
愣,leng4
愤,fen4
愦,kui4
愧,kui4
愨,que4
愫,su4
愬,su4
愴,chuang4
愷,kai3
愾,kai4
愿,yuan4
慁,hun4
慂,yong3
慄,li4
慇,yin1
慈,ci2
慊,qian4,qie4
態,tai4
慌,huang1
慎,shen4
慑,she4
慓,piao1
慕,mu4
慘,can3
慙,can2
慜,min3
慝,te4
慟,tong4
慠,ao4
慢,man4
慤,que4
慥,zao4
慧,hui4
慨,kai3
慪,ou4
慫,song3
慭,yin4
慮,lü4
慰,wei4
慳,qian1
慴,she4
慵,yong1
慶,qing4
慷,kang1
慼,qi1
慾,yu4
憂,you1
憃,chong1
憇,qi4
憊,bei4
憋,bie1
憎,zeng1
憐,lian2
憑,ping2
憓,hui4
憔,qiao2
憖,yin4
憙,xi1
憚,dan4
憝,dui4
憧,chong1
憨,han1
憩,qi4
憬,jing3
憭,liao3
憮,wu3
憯,can3
憱,cu4
憲,xian4
憶,yi4
憷,chu4
憹,nao2
憾,han4
懁,xuan1
懂,dong3
懃,qin2
懆,cao3
懇,ke3n
懈,xie4
應,ying1,ying4
懊,ao4
懋,mao4
懌,yi4
懍,lin3
懑,men4
懒,lan3
懔,lin3
懕,yan1
懜,meng3
懟,dui4
懣,men4
懦,nuo4
懨,yan1
懲,cheng2
懵,meng3
懷,huai2
懸,xuan2
懺,chan4
懼,ju4
懽,huan1
懾,she4
懿,yi4
戀,lian4
戆,gang4,zhuang4
戈,ge1
戉,yue4
戊,wu4
戋,jian1
戌,qu5,xu1
戍,shu4
戎,rong2
戏,hu1,xi4
成,cheng2
我,wo3
戒,jie4
戔,jian1
戕,qiang1
或,huo4
戗,qiang1,qiang4
战,zhan4
戚,qi1
戛,jia2
戞,jia2
戟,ji3
戡,kan1
戢,ji2
戣,kui2
戤,gai4
戥,deng3
戧,qiang1,qiang4
截,jie2
戬,jian3
戮,lu4
戯,hu1,xi4
戰,zhan4
戲,hu1,xi4
戳,chuo1
戴,dai4
户,hu4
戹,e4
戽,hu4
戾,li4
房,fang2
所,suo3
扁,bian3,pian1
扃,jiong1
扅,yi2
扆,yi3
扇,shan1,shan4
扈,hu4
扉,fei1
扊,yan3
手,shou3
才,cai2
扎,za1,zha1,zha2
扑,pu1
扒,ba1,pa2
打,da2,da3
扔,reng1
托,tuo1
扛,gang1,kang2
扞,gan3,han4
扠,cha1
扣,kou4
扤,wu4
扦,qian1
执,zhi2
扩,kuo4
扪,men2
扫,sao3,sao4
扬,yang2
扭,niu3
扮,ban4
扯,che3
扰,rao3
扳,ban1,pan1
扶,fu2
批,pi1
扺,zhi3
扼,e4
扽,den4
找,zhao3
承,cheng2
技,ji4
抃,bian4
抄,chao1
抆,wen3
抈,yue4
抉,jue2
把,ba3,ba4
抏,wan2
抑,yi4
抒,shu1
抓,zhua1
抔,pou2
投,tou2
抖,dou3
抗,kang4
折,she2,zhe1,zhe2
抚,fu3
抛,pao1
抝,ao3,ao4,niu4
抟,tuan2
抠,kou1
抡,lun1,lun2
抢,qiang1,qiang3
护,hu4
报,bao4
抨,peng1
披,pi1
抬,tai2
抱,bao4
抴,ye4
抵,di3
抶,chi4
抹,ma1,mo3,mo4
抻,chen1
押,ya1
抽,chou1
抿,min3
拂,fu2
拃,zha3
拄,zhu3
担,dan1,dan3,dan4
拆,ca1,chai1
拇,mu3
拈,nian1
拉,la1,la2,la3,la4
拊,fu3
拋,pao1
拌,ban4
拍,pai1
拎,lin1
拏,na2
拐,guai3
拑,qian2
拒,ju4
拓,ta4,tuo4
拔,ba2
拕,tuo1
拖,tuo1
拗,ao3,ao4,niu4
拘,ju1
拙,zhuo1
拚,pan4,pin1
招,zhao1
拜,bai4
拟,ni3
拢,long3
拣,jian3
拤,qia2
拥,yong1
拦,lan2
拧,ning2,ning3,ning4
拨,bo1
择,ze2,zhai2
括,gua1,kuo4
拭,shi4
拮,jie2
拯,zheng3
拱,gong3
拳,quan2
拴,shuan1
拶,za1,zan3
拷,kao3
拼,pin1
拽,ye4,zhuai1,zhuai4
拾,shi2
拿,na2
持,chi2
挂,gua4
指,zhi1,zhi2,zhi3
挈,qie4
按,an4
挎,kua4
挐,na2
挑,tiao1,tiao3
挓,zha1
挖,wa1
挚,zhi4
挛,luan2
挜,ya4
挝,wo1,zhua1
挞,ta4
挟,jia1,xie2
挠,nao2
挡,dang3,dang4
挢,jiao3
挣,zheng1,zheng4
挤,ji3
挥,hui1
挦,xian2
挨,ai1,ai2
挩,tuo1
挪,nuo2
挫,cuo4
振,zhen4
挱,sa1,sha1,suo1
挲,sa1,sha1,suo1
挶,ju1
挹,yi4
挺,ting3
挼,rua2,ruo2
挽,wan3
挾,xie2
捂,wu2,wu3
捃,jun4
捄,jiu4
捅,tong3
捆,kun3
捉,zhuo1
捋,lü3,luo1
捌,ba1
捍,han4
捎,shao1,shao4
捏,nie1
捐,juan1
捕,bu3
捘,zun4
捞,lao1
损,sun3
捡,jian3
换,huan4
捣,dao3
捦,qin2
捧,peng3
捨,she3
捩,lie4
捭,bai3
据,ju1,ju4
捯,dao2
捱,ai2
捲,juan3
捴,zong3
捵,chen1
捶,chui2
捷,jie2
捺,na4
捻,nian3
捽,zuo2
掀,xian1
掂,dian1
掃,sao3,sao4
掄,lun1,lun2
掆,gang1
掇,duo1
授,shou4
掉,diao4
掊,pou2,pou3
掌,zhang3
掎,ji3
掏,tao1,tao2
掐,qia1
排,pai2,pai3
掖,ye1,ye4
掗,ya4
掘,jue2
掛,gua4
掞,shan4
掠,lüe3,lüe4
採,cai3
探,tan4
掣,che4
接,jie1
控,kong4
推,tui1
掩,yan3
措,cuo4
掫,zhou1
掬,ju1
掭,tian4
掮,qian2
掯,ke4n
掰,bai1
掱,pa2
掳,lu3
掴,guai1,guo2
掷,zhi1,zhi4
掸,dan3,shan4
掺,can4,chan1,shan3
掼,guan4
掽,peng4
掾,yuan4
揀,jian3
揃,jian3
揄,yu2
揅,yan2
揆,kui2
揈,hong1
揉,rou2
揌,sai1
揍,zou4
揎,xuan1
描,miao2
提,di1,ti2
插,cha1
揕,zhen4
揖,yi1
揚,yang2
揜,yan3
揞,an3
揠,ya4
握,wo4
揢,ke2
揣,chuai1,chuai3,chuai4
揦,la2
揩,kai1
揪,jiu1
揭,jie1
揲,die2,she2
揳,xie1
援,yuan2
揶,ye2
揸,zha1
揹,bei1
揻,wei1
揽,lan3
揾,wen4
揿,qin4
搀,chan1
搁,ge1,ge2
搂,lou1,lou3
搅,jiao3
搆,gou4
搇,qin4
搉,que4
搊,chou1
搋,chuai1
搌,zhan3
搏,bo2
搐,chu4
搒,bang4,peng2
搓,cuo1
搔,sao1
搕,ke1
搗,dao3
搛,jian1
搜,sou1
搞,gao3
搠,shuo4
搡,sang3
搢,jin4
搤,e4
搥,chui2
搦,nuo4
搧,shan1
搨,ta4
搩,zha3
搪,tang2
搬,ban1
搭,da1
搯,tao1
搰,hu2
搳,hua2
搴,qian1
搶,qiang1,qiang3
携,xie2
搽,cha2
搾,zha4
搿,ge2
摀,wu3
摁,en4
摄,she4
摅,shu1
摆,bai3
摇,yao2
摈,bin4
摊,tan1
摋,sa4,sha1
摑,guai1,guo2
摒,bing3,bing4
摔,shuai1
摘,zhai1
摛,chi1
摞,luo4
摟,lou1,lou3
摠,zong3
摣,zha1
摧,cui1
摩,ma1,mo2
摭,zhi2
摯,zhi4
摳,kou1
摴,chu1
摶,tuan2
摸,mo1,mo2
摹,mo2
摺,zhe2
摻,can4,chan1,shan3
摽,biao1,biao4
撂,liao4
撄,ying1
撅,jue1
撇,pie1,pie3
撈,lao1
撉,dun1
撏,xian2
撐,cheng1
撑,cheng1
撒,sa1,sa3
撓,nao2
撕,si1
撖,han4
撙,zun3
撚,nian3
撝,hui1
撞,zhuang4
撟,jiao3
撢,dan3
撣,dan3,shan4
撤,che4
撥,bo1
撦,che3
撧,jue1
撨,fu3
撩,liao1,liao2,liao4
撬,qiao4
播,bo1
撮,cuo1,zuo3
撰,zhuan4
撲,pu1
撴,dun1
撵,nian3
撷,xie2
撸,lu1
撺,cuan1
撻,ta4
撼,han4
撽,qiao4
撾,wo1,zhua1
撿,jian3
擀,gan3
擁,yong1
擂,lei1,lei2,lei4
擄,lu3
擅,shan4
擇,ze2,zhai2
擊,ji1
擋,dang3,dang4
操,cao1
擎,qing2
擐,huan4
擒,qin2
擓,kuai3
擔,dan1,dan4
擕,xie2
擖,ka1
擗,pi3
擘,bai1,bo4
據,ju4
擞,sou3,sou4
擠,ji3
擡,tai2
擢,zhuo2
擣,dao3
擤,xing3
擦,ca1
擧,ju3
擩,ru3
擬,ni3
擯,bin4
擰,ning2,ning3,ning4
擲,zhi1,zhi4
擴,kuo4
擺,bai3
擻,sou3,sou4
擾,rao3
擿,ti1,zhi4
攀,pan1
攄,shu1
攉,huo1
攏,long3
攒,cuan2,zan3
攔,lan2
攘,rang3
攙,chan1
攛,cuan1
攜,xie2
攝,she4
攟,jun4
攣,luan2
攤,tan1
攥,zuan4
攧,dian1
攩,dang3
攪,jiao3
攫,jue2
攬,lan3
攮,nang3
支,zhi1
攲,qi1
收,shou1
攷,kao3
攸,you1
改,gai3
攻,gong1
攽,ban1
放,fang4
政,zheng4
敁,dian1
敂,kou4
敃,min3
故,gu4
效,xiao4
敉,mi3
敌,di2
敍,xu4
敏,min3
救,jiu4
敔,yu3
敕,chi4
敖,ao2
敘,xu4
教,jiao1,jiao4
敚,duo2
敛,lian3
敝,bi4
敞,chang3
敠,duo1
敢,gan3
散,san3,san4
敦,dui4,dun1
敨,tou3
敩,xiao4,xue2
敫,jiao3
敬,jing4
敭,yang2
数,shu3,shu4,shuo4
敲,qiao1
整,zheng3
敵,di2
敷,fu1
數,shu3,shu4,shuo4
敺,qu1
斂,lian3
斃,bi4
斅,xiao4,xue2
文,wen2
斈,xue2
斋,zhai1
斌,bin1
斐,fei3
斑,ban1
斓,lan2
斗,dou3,dou4
料,liao4
斚,jia3
斛,hu2
斜,xie2
斝,jia3
斟,zhen1
斠,jiao4
斡,wo4
斢,tiao3
斤,jin1
斥,chi4
斧,fu3
斨,qiang1
斩,zhan3
斫,zhuo2
断,duan4
斮,cuo4,zhuo2
斯,si1
新,xin1
斲,zhuo2
斶,chu4
斷,duan4
斸,zhu3
方,fang1
於,wu1,yu1,yu2
施,shi1
斾,pei4
斿,you2
旁,pang2
旂,qi2
旃,zhan1
旄,mao2
旅,lü3
旆,pei4
旋,xuan2,xuan4
旌,jing1
旎,ni3
族,zu2
旐,zhao4
旒,liu2
旖,yi3
旗,qi2
旛,fan1
旟,yu2
无,mo2,wu2
既,ji4
日,ri4
旦,dan4
旧,jiu4
旨,zhi3
早,zao3
旬,xun2
旭,xu4
旮,ga1
旯,la2
旰,gan4
旱,han4
时,shi2
旷,kuang4
旸,yang2
旺,wang4
旻,min2
旾,chun1
昀,yun2
昂,ang2
昃,ze4
昆,kun1
昇,sheng1
昉,fang3
昊,hao4
昌,chang1
明,ming2
昏,hun1
易,yi4
昔,xi1
昕,xin1
昙,tan2
昚,shen4
昝,zan3
昞,bing3
星,xing1
映,ying4
昡,xuan4
春,chun1
昧,mei4
昨,zuo2
昪,bian4
昫,xu4
昭,zhao1
是,shi4
昰,shi4
昱,yu4
昳,die2,yi4
昴,mao3
昵,ni4
昶,chang3
昺,bing3
昼,zhou4
昽,long2
显,xian3
晁,chao2
時,shi2
晃,huang3,huang4
晅,xuan3
晉,jin4
晋,jin4
晌,shang3
晏,yan4
晒,shai4
晓,xiao3
晔,ye4
晕,yun1,yun4
晖,hui1
晗,han2
晚,wan3
晛,xian4
晝,zhou4
晞,xi1
晟,cheng2,sheng4
晡,bu1
晢,zhe2
晣,zhe2
晤,wu4
晦,hui4
晨,chen2
晬,zui4
普,pu3
景,jing3
晰,xi1
晳,xi1
晴,qing2
晶,jing1
晷,gui3
智,zhi1,zhi4
晻,an4,yan3
晾,liang4
暂,zan4
暄,xuan1
暅,geng4
暇,xia2
暋,min3
暌,kui2
暍,ye1
暎,ying4
暐,wei3
暑,shu3
暕,jian3
暗,an4
暘,yang2
暠,gao3,hao4
暢,chang4
暧,ai4,nuan3
暨,ji4
暮,mu4
暱,ni4
暴,bao4,pu4
暵,han4
暹,xian1
暾,tun1
曀,yi4
曄,ye4
曆,li4
曇,tan2
曈,tong2
曉,xiao3
曌,zhao4
曏,xiang3
曖,ai4
曙,shu3
曚,meng2
曛,xun1
曜,yao4
曝,pu4
曠,kuang4
曡,die2
曦,xi1
曨,long2
曩,nang3
曬,shai4
曰,yue1
曲,qu1,qu3
曳,ye4
更,geng1,geng4
曷,he2
書,shu1
曹,cao2
曼,man4
曾,ceng2,zeng1
替,ti4
最,zui4
會,hui4,kuai4
朅,qie4
朆,fen1
月,yue4
有,you3,you4
朊,ruan3
朋,peng2
服,fu2,fu4
朏,fei3
朒,nü4
朔,shuo4
朕,zhen4
朗,lang3
望,wang4
朝,chao2,zhao1
朞,ji1
期,ji1,qi1
朦,meng2
朧,long2
木,mu4
未,wei4
末,me5,mo4
本,ben3
札,zha2
术,shu4,zhu2
朱,zhu1
朳,ba1
朴,piao2,po1,po4,pu3
朵,duo3
朶,duo3
机,ji1
朽,xiu3
杀,sha1
杂,za2
权,quan2
杆,gan1,gan3
杇,wu1
杈,cha1,cha4
杉,sha1,shan1
杌,wu4
李,li3
杏,xing4
材,cai2
村,cun1
杓,biao1,shao2
杕,di4,duo4
杖,zhang4
杙,yi4
杜,du4
杝,li2
杞,qi3
束,shu4
杠,gang1,gang4
条,tiao2
来,lai2
杧,mang2
杨,yang2
杩,ma4
杪,miao3
杭,hang2
杯,bei1
杰,jie2
東,dong1
杲,gao3
杳,yao3
杴,xian1
杵,chu3
杷,pa2
杻,chou3,niu3
杼,zhu4
松,song1
板,ban3
极,ji2
构,gou4
枇,pi2
枉,wang3
枊,ang4
枋,fang1
析,xi1
枑,hu4
枒,ya1
枓,dou3
枕,zhen3
林,lin2
枘,rui4
枚,mei2
果,guo3
枝,zhi1
枞,cong1,zong1
枢,shu1
枣,zao3
枥,li4
枧,jian3
枨,cheng2
枪,qiang1
枫,feng1
枭,xiao1
枯,ku1
枰,ping2
枱,tai2
枲,xi3
枳,zhi3
枵,xiao1
架,jia4
枷,jia1
枸,gou1,gou3,ju3
枹,bao1,fu2
枻,yi4
柁,duo4,tuo2
柄,bing3
柈,ban4
柎,fu1
柏,bai3,bo2,bo4
某,mou3
柑,gan1
柒,qi1
染,ran3
柔,rou2
柘,zhe4
柙,xia2
柚,you2,you4
柜,gui4,ju3
柝,tuo4
柞,zha4,zuo4
柟,nan2
柠,ning2
柢,di3
查,cha2,zha1
柩,jiu4
柬,jian3
柮,duo4
柯,ke1
柰,nai4
柱,zhu4
柳,liu3
柴,chai2
柵,shan1,zha4
柷,chu4
柹,shi4
柺,guai3
査,zha1
柽,cheng1
柿,shi4
栀,zhi1
栅,shan1,zha4
标,biao1
栈,zhan4
栉,zhi4
栊,long2
栋,dong4
栌,lu2
栎,li4,yue4
栏,lan2
树,shu4
栒,xun2
栓,shuan1
栔,qi4
栖,qi1,xi1
栗,li4
栝,gua1,kuo4
栞,kan1
栟,ben1,bing1
校,jiao4,xiao4
栢,bai3
栧,yi4
栩,xu3
株,zhu1
栱,gong3
栲,kao3
栳,lao3
样,yang4
核,he2,hu2
根,gen1
栻,shi4
格,ge1,ge2
栽,zai1
栾,luan2
栿,fu2
桀,jie2
桁,heng2
桂,gui4
桃,tao2
桄,guang1,guang4
桅,wei2
框,kuang1,kuang4
案,an4
桉,an1
桊,juan4
桌,zhuo1
桎,zhi4
桐,tong2
桑,sang1
桓,huan2
桔,jie2,ju2
桕,jiu4
桚,zan3
桠,ya1
桡,rao2
桢,zhen1
档,dang4
桤,qi1
桥,qiao2
桦,hua4
桧,gui4,hui4
桨,jiang3
桩,zhuang1
桫,suo1
桮,bei1
桯,ting1
桲,po5
桴,fu2
桶,tong3
桷,jue2
桹,lang2
桼,qi1
桿,gan3
梁,liang2
梃,ting3,ting4
梅,mei2
梆,bang1
梏,gu4
梐,bi4
梓,zi3
梔,zhi1
梖,bei4
梗,geng3
梜,jia1
條,tiao2
梟,xiao1
梢,sao4,shao1
梦,meng4
梧,wu2
梨,li2
梩,li2
梭,suo1
梮,ju1
梯,ti1
械,xie4
梳,shu1
梵,fan4
梹,bin1,bing1
梼,tao2
梽,zhi4
梾,lai2
梿,lian2
检,jian3
棁,zhuo1
棂,ling2
棃,li2
棄,qi4
棉,mian2
棊,qi2
棋,qi2
棍,gun4
棐,fei3
棑,pai2
棒,bang4
棓,bang4,bei4
棕,zong1
棖,cheng2
棗,zao3
棘,ji2
棚,peng2
棟,dong4
棠,tang2
棡,gang1
棣,di4
棧,zhan4
棨,qi3
棪,yan3
棫,yu4
棬,quan1
森,sen1
棰,chui2
棱,leng1,leng2,ling2
棲,qi1
棵,ke1
棶,lai2
棹,zhao4
棺,guan1
棻,fen1
棼,fen2
棽,shen1
椀,wan3
椁,guo3
椅,yi1,yi3
椉,cheng2,sheng4
椋,liang2
植,zhi2
椎,chui2,zhui1
椏,ya1
椐,ju1
椑,bei1,pi2
椒,jiao1
椓,zhuo2
椗,ding4
椟,du2
椠,qian4
椤,luo2
椥,zhi1
椪,peng4
椭,tuo3
椰,ye1
椳,wei1
椴,duan4
椶,zong1
椸,yi2
椹,shen4,zhen1
椽,chuan2
椾,jian1
椿,chun1
楂,cha2,zha1
楊,yang2
楔,xie1
楗,jian4
楚,chu3
楛,hu4,ku3
楝,lian4
楞,leng2
楠,nan2
楣,mei2
楥,xuan4
楦,xuan4
楩,pian2
楫,ji2
楬,jie2
業,ye4
楮,chu3
楯,dun4,shun3
楳,mei2
極,ji2
楷,jie1,kai3
楸,qiu1
楹,ying2
楼,lou2
榀,pin3
概,gai4
榃,tan2
榄,lan3
榅,wen1
榆,yu2
榇,chen4
榈,lü2
榉,ju3
榑,fu2
榔,lang2
榕,rong2
榖,gu3
榘,ju3
榛,zhen1
榜,bang3,bang4,peng2
榤,jie2
榥,huang4
榦,gan4
榧,fei3
榨,zha4
榫,sun3
榭,xie4
榮,rong2
榰,zhi1
榱,cui1
榴,liu2
榷,que4
榻,ta4
榼,ke1
榾,gu3
榿,qi1
槀,gao3
槁,gao3
槃,pan2
槊,shuo4
構,gou4
槌,chui2
槍,qiang1
槎,cha2
槐,huai2
槑,mei2
槓,gang4
槔,gao1
槖,tuo2
槛,jian4,kan3
槜,zui4
槟,bin1,bing1
槠,zhu1
槥,hui4
槨,guo3
槭,qi1
槲,hu2
槳,jiang3
槷,nie4
槺,kang1
槼,gui1
槽,cao2
槾,man4
槿,jin3
樀,di1
樁,zhuang1
樂,le4,yue4
樅,cong1,zong1
樊,fan2
樑,liang2
樓,lou2
樗,chu1
樘,tang2
標,biao1
樛,jiu1
樝,zha1
樞,shu1
樟,zhang1
模,mo2,mu2
樣,yang4
樨,xi1
横,heng2,heng4
樯,qiang2
樱,ying1
樵,qiao2
樷,cong2
樹,shu4
樺,hua4
樽,zun1
樾,yue4
橄,gan3
橇,qiao1
橈,rao2
橋,qiao2
橐,tuo2
橘,ju2
橙,chen2,cheng2
橛,jue2
橜,jue2
機,ji1
橡,xiang4
橢,tuo3
橤,rui3
橥,zhu1
橦,tong2
橰,gao1
橱,chu2
橹,lu3
橼,yuan2
檀,tan2
檁,lin3
檃,yin3
檄,xi2
檇,zui4
檉,cheng1
檎,qin2
檐,yan2
檑,lei2
檔,dang4
檗,bo4
檛,zhua1
檜,gui4,hui4
檟,jia3
檠,qing2
檢,jian3
檣,qiang2
檥,yi3
檩,lin3
檫,cha2
檬,meng2
檮,tao2
檯,tai2
檳,bin1,bing1
檵,ji4
檸,ning2
檻,jian4,kan3
檾,qing3
櫂,zhao4
櫃,gui4
櫆,kui2
櫈,deng4
櫛,zhi4
櫜,gao1
櫝,du2
櫟,li4,yue4
櫥,chu2
櫨,lu2
櫪,li4
櫫,zhu1
櫬,chen4
櫳,long2
櫸,ju3
櫺,ling2
櫼,jian1
櫽,yin3
欂,bo2
欄,lan2
權,quan2
欋,qu2
欏,luo2
欑,cuan2
欒,luan2
欖,lan3
欙,lei2
欛,ba4
欞,ling2
欠,qian4
次,ci4
欢,huan1
欣,xin1
欤,yu2
欧,ou1
欬,kai4
欱,he1
欲,yu4
欵,kuan3
欷,xi1
欸,ai1,ai3,ei1,ei2,ei3,ei4
欺,qi1
欻,chua1,xu1
款,kuan3
欿,kan3
歃,sha4
歅,yin1
歆,xin1
歇,xie1
歈,yu2
歉,qian4
歌,ge1
歎,tan4
歐,ou1
歔,xu1
歗,xiao4
歘,chua1,xu1
歙,she4,xi1
歜,chu4
歟,yu2
歠,chuo4
歡,huan1
止,zhi3
正,zheng1,zheng4
此,ci3
步,bu4
武,wu3
歧,qi2
歪,wai1
歳,sui4
歷,li4
歸,gui1
歹,dai3
死,si3
歼,jian1
殀,yao1
殁,mo4
殂,cu2
殃,yang1
殄,tian3
殆,dai4
殇,shang1
殉,xun4
殊,shu1
残,can2
殍,piao3
殒,yun3
殓,lian4
殖,shi5,zhi2
殘,can2
殚,dan1
殛,ji2
殠,chou4
殡,bin4
殣,jin4
殤,shang1
殨,hui4
殪,yi4
殫,dan1
殭,jiang1
殮,lian4
殯,bin4
殲,jian1
殳,shu1
殴,ou1
段,duan4
殷,yan1,yin1,yin3
殺,sha1
殻,qiao4
殼,ke2
殽,xiao2
殿,dian4
毁,hui3
毂,gu1,gu3
毅,yi4
毆,ou1
毉,yi1
毋,wu2
毌,guan4
母,mu3
每,mei3
毐,ai3
毑,jie3
毒,du2
毓,yu4
比,bi3
毕,bi4
毖,bi4
毗,pi2
毘,pi2
毙,bi4
毛,mao2
毡,zhan1
毨,xian3
毪,mu2
毫,hao2
毬,qiu2
毯,tan3
毰,pei2
毳,cui4
毵,san1
毷,mao4
毸,sai1
毹,shu1
毽,jian4
毿,san1
氂,mao2
氄,rong3
氅,chang3
氆,pu3
氇,lu5
氈,zhan1
氉,sao4
氊,zhan1
氍,qu2
氏,shi4,zhi1
氐,di1,di3
民,min2
氓,mang2,meng2
气,qi4
氕,pie1
氖,nai3
氘,dao1
氙,xian1
氚,chuan1
氛,fen1
氟,fu2
氡,dong1
氢,qing1
氣,qi4
氤,yin1
氦,hai4
氧,yang3
氨,an1
氩,ya4
氪,ke4
氫,qing1
氬,ya4
氮,dan4
氯,lü4
氰,qing2
氲,yun1
水,shui3
氷,bing1
永,yong3
氹,dang4
氽,tun3
氾,fan2,fan4
氿,gui3,jiu3
汀,ting1
汁,zhi1
求,qiu2
汆,cuan1
汇,hui4
汈,diao1
汉,han4
汊,cha4
汍,wan2
汎,fan4
汏,da4
汐,xi1
汔,qi4
汕,shan4
汗,han2,han4
汙,wu1
汚,wu1
汛,xun4
汜,si4
汝,ru3
汞,gong3
江,jiang1
池,chi2
污,wu1
汤,shang1,tang1
汧,qian1
汨,mi4
汩,gu3
汪,wang1
汫,jing3
汭,rui4
汰,tai4
汲,ji1
汴,bian4
汶,wen4
汹,xiong1
決,jue2
汽,qi4
汾,fen2
沁,qin4
沂,yi2
沃,wo4
沄,yun2
沅,yuan2
沆,hang4
沈,chen2,shen3
沉,chen2
沌,dun4,zhuan4
沍,hu4
沏,qi1
沐,mu4
沓,da2,ta4
沔,mian3
沖,chong1
沘,bi3
沙,sha1,sha4
沚,zhi3
沛,pei4
沟,gou1
没,mei2,mo4
沣,feng1
沤,ou1,ou4
沥,li4
沦,lun2
沧,cang1
沨,feng1
沩,wei2
沪,hu4
沫,mo4
沬,mei4
沭,shu4
沮,ju3,ju4
沱,tuo2
河,he2
沴,li4
沵,mi3
沸,fei4
油,you2
治,zhi4
沼,zhao3
沽,gu1
沾,zhan1
沿,yan2,yan4
況,kuang4
泂,jiong3
泃,ju1
泄,xie4
泅,qiu2
泆,yi4
泉,quan2
泊,bo2,po1
泌,bi4,mi4
泐,le4
泓,hong2
泔,gan1
法,fa3
泖,mao3
泗,si4
泚,ci3
泛,fan4
泜,zhi1
泝,su4
泞,ning4
泠,ling2
泡,pao1,pao4
波,bo1
泣,qi4
泥,ni2,ni4
注,zhu4
泪,lei4
泫,xuan4
泮,pan4
泯,min3
泰,tai4
泱,yang1
泳,yong3
泵,beng4
泷,long2,shuang1
泸,lu2
泺,luo4,po1
泻,xie4
泼,po1
泽,ze2
泾,jing1
洁,jie2
洄,hui2
洇,yin1
洈,wei2
洋,yang2
洌,lie4
洎,ji4
洏,er2
洑,fu2,fu4
洒,sa3,xi3
洗,xi3,xian3
洙,zhu1
洚,jiang4
洛,luo4
洞,dong4
洟,ti4
洣,mi3
津,jin1
洧,wei3
洨,xiao2
洩,xie4
洪,hong2
洫,xu4
洭,kuang1
洮,tao2
洱,er3
洲,zhou1
洳,ru4
洴,ping2
洵,xun2
洶,xiong1
洸,guang1
洹,huan2
洺,ming2
活,huo2
洼,wa1
洽,qia4
派,pa1,pai4
洿,wu1
流,liu2
浃,jia1
浅,jian1,qian3
浆,jiang1,jiang4
浇,jiao1
浈,zhen1
浉,shi1
浊,zhuo2
测,ce4
浍,hui4,kuai4
济,ji3,ji4
浐,chan3
浑,hun2
浒,hu3,xu3
浓,nong2
浔,xun2
浕,jin4
浙,zhe4
浚,jun4,xun4
浛,han2
浜,bang1
浞,zhuo2
浠,xi1
浡,bo2
浣,huan4
浥,yi4
浦,pu3
浩,hao4
浪,lang4
浬,hai3,li3
浮,fu2
浯,wu2
浴,yu4
海,hai3
浸,jin4
浹,jia1
浼,mei3
涂,tu2
涅,nie4
涇,jing1
消,xiao1
涉,she4
涊,nian3
涌,chong1,yong3
涎,xian2
涐,e2
涑,su4
涓,juan1
涔,cen2
涕,ti4
涖,li4
涘,si4
涛,tao1
涝,lao4
涞,lai2
涟,lian2
涠,wei2
涡,guo1,wo1
涢,yun2
涣,huan4
涤,di2
润,run4
涧,jian4
涨,zhang3,zhang4
涩,se4
涪,fu2
涫,guan4
涮,shuan4
涯,ya2
液,ye4
涴,wo4,yuan1
涵,han2
涸,he2
涼,liang2,liang4
涿,zhuo1
淀,dian4
淄,zi1
淅,xi1
淆,xiao2
淇,qi2
淊,yan1
淋,lin2,lin4
淌,tang3
淏,hao4
淑,shu1
淒,qi1
淖,nao4
淘,tao2
淙,cong2
淚,lei4
淛,zhe4
淝,fei2
淞,song1
淟,tian3
淠,pi4
淡,dan4
淤,yu1
淦,gan4
淨,jing4
淩,ling2
淪,lun2
淫,yin2
淬,cui4
淮,huai2
淯,yu4
深,shen1
淳,chun2
淴,hu1
淵,yuan1
淶,lai2
混,hun2,hun4
淹,yan1
淺,jian1,qian3
添,tian1
淼,miao3
清,qing1
渊,yuan1
渌,lu4
渍,zi4
渎,du2
渐,jian1,jian4
渑,mian3,sheng2
渔,yu2
渖,shen3
渗,shen4
渚,zhu3
減,jian3
渝,yu2
渟,ting2
渠,qu2
渡,du4
渣,zha1
渤,bo2
渥,wo4
渦,guo1,wo1
温,wen1
渫,xie4
渭,wei4
港,gang3
渲,xuan4
渴,ke3
游,you2
渺,miao3
渼,mei3
湃,pai4
湄,mei2
湉,tian2
湊,cou4
湋,wei2
湌,can1
湍,tuan1
湎,mian3
湑,xu1,xu3
湓,pen2
湔,jian1
湖,hu2
湘,xiang1
湛,zhan4
湜,shi2
湝,jie1
湟,huang2
湢,bi4
湣,min3
湦,sheng1
湧,yong3
湨,ju2
湫,jiao3,qiu1
湮,yan1,yin1
湯,shang1,tang1
湲,yuan2
湴,ban4
湾,wan1
湿,shi1
溃,hui4,kui4
溅,jian1,jian4
溆,xu4
溇,lou2
溈,wei2
溉,gai4
溏,tang2
源,yuan2
準,zhun3
溘,ke4
溚,ta3
溜,liu1,liu4
溝,gou1
溟,ming2
溠,zha4
溢,yi4
溥,pu3
溦,wei1
溧,li4
溪,xi1
溮,shi1
溯,su4
溱,qin2,zhen1
溲,sou1
溴,xiu4
溵,yin1
溶,rong2
溷,hun4
溺,ni4,niao4
溻,ta1
溼,shi1
溽,ru4
滀,chu4,xu4
滁,chu2
滂,pang1
滃,weng1,weng3
滄,cang1
滅,mie4
滆,ge2
滇,dian1
滈,hao4
滉,huang4
滋,zi1
滌,di2
滍,zhi4
滎,xing2,ying2
滏,fu3
滑,hua2
滓,zi3
滔,tao1
滕,teng2
滗,bi4
滘,jiao4
滙,hui4
滚,gun3
滞,zhi4
滟,yan4
滠,she4
满,man3
滢,ying2
滤,lü4
滥,lan4
滦,luan2
滨,bin1
滩,tan1
滪,yu4
滫,xiu3
滬,hu4
滮,biao1
滯,zhi4
滲,shen4
滴,di1
滷,lu3
滹,hu1
滻,chan3
滾,gun3
滿,man3
漂,piao1,piao3,piao4
漆,qi1
漈,ji4
漉,lu4
漊,lou2
漍,guo2
漏,lou4
漓,li2
演,yan3
漕,cao2
漖,jiao4
漘,chun2
漙,tuan2
漚,ou1,ou4
漠,mo4
漢,han4
漤,lan3
漦,chi2
漩,xuan2
漪,yi1
漫,man4
漭,mang3
漯,luo4,ta4
漱,shu4
漲,zhang3,zhang4
漳,zhang1
漶,huan4
漷,huo3
漻,liao2
漾,yang4
漿,jiang1
潆,ying2
潇,xiao1
潋,lian4
潍,wei2
潏,yu4
潑,po1
潓,hui4
潔,jie2
潕,wu3
潖,pa2
潘,pan1
潙,wei2
潛,qian2
潜,qian2
潞,lu4
潟,xi4
潠,xun4
潢,huang2
潦,lao3,liao3
潭,tan2
潮,chao2
潯,xun2
潲,shao4
潴,zhu1
潵,sa3
潷,bi4
潸,shan1
潺,chan2
潼,tong2
潽,pu1
潿,wei2
澀,se4
澁,se4
澂,cheng2
澄,cheng2,deng4
澆,jiao1
澇,lao4
澈,che4
澉,gan3
澌,si1
澍,shu4
澎,peng1,peng2
澐,yun2
澒,hong4
澔,hao4
澘,shan1
澜,lan2
澠,mian3,sheng2
澡,zao3
澣,huan4
澤,ze2
澥,xie4
澧,li3
澨,shi4
澫,wan4
澮,hui4,kuai4
澱,dian4
澳,ao4
澴,huan2
澶,chan2
澹,dan4,tan2
澼,pi4
澽,ju4
澾,ta4
激,ji1
濁,zhuo2
濂,lian2
濃,nong2
濇,se4
濉,sui1
濑,lai4
濒,bin1
濔,mi3
濕,shi1
濘,ning4
濛,meng2
濜,jin4
濞,bi4
濟,ji3,ji4
濠,hao2
濡,ru2
濤,tao1
濫,lan4
濬,jun4,xun4
濮,pu2
濯,zhuo2
濱,bin1
濶,kuo4
濺,jian4
濼,luo4
濾,lü4
瀅,ying2
瀆,du2
瀉,xie4
瀋,shen3
瀌,biao1
瀍,chan2
瀏,liu2
瀑,bao4,pu4
瀔,gu3
瀘,lu2
瀚,han4
瀛,ying2
瀝,li4
瀟,xiao1
瀠,ying2
瀣,xie4
瀦,zhu1
瀧,long2,shuang1
瀰,mi2
瀵,fen4
瀹,yue4
瀼,rang2,rang4
瀽,jian3
灃,feng1
灄,she4
灊,qian2
灋,fa3
灌,guan4
灏,hao4
灑,sa3
灒,zan4
灕,li2
灘,tan1
灞,ba4
灠,lan3
灣,wan1
灤,luan2
灧,yan4
灨,gan4
火,huo3
灭,mie4
灯,deng1
灰,hui1
灵,ling2
灶,zao4
灸,jiu3
灺,xie4
灼,zhuo2
災,zai1
灾,zai1
灿,can4
炀,yang2
炁,qi4
炅,gui4,jiong3
炆,wen2
炉,lu2
炊,chui1
炎,yan2
炒,chao3
炔,gui4,que1
炕,kang4
炖,dun4
炘,xin1
炙,zhi4
炜,wei3
炝,qiang4
炟,da2
炤,zhao4
炧,xie4
炫,xuan4
炬,ju4
炭,tan4
炮,bao1,pao2,pao4
炯,jiong3
炱,tai2
炳,bing3
炷,zhu4
炸,zha2,zha4
点,dian3
為,wei2,wei4
炻,shi2
炼,lian4
炽,chi4
烀,hu1
烁,shuo4
烂,lan4
烃,ting1
烈,lie4
烊,yang2,yang4
烏,wu1,wu4
烔,tong2
烖,zai1
烘,hong1
烙,lao4,luo4
烛,zhu2
烜,xuan3
烝,zheng1
烟,yan1,yin1
烤,kao3
烦,fan2
烧,shao1
烨,ye4
烩,hui4
烫,tang4
烬,jin4
热,re4
烯,xi1
烴,ting1
烷,wan2
烹,peng1
烺,lang3
烽,feng1
焉,yan1
焊,han4
焌,jun4,qu1
焐,wu4
焓,han2
焕,huan4
焖,men4
焗,ju2
焘,dao4,tao1
焙,bei4
焚,fen2
焜,kun1
焠,cui4
無,mo2,wu2
焦,jiao1
焫,ruo4
焮,xin4
焯,chao1,zhuo1
焰,yan4
焱,yan4
然,ran2
煅,duan4
煇,hui1
煉,lian4
煊,xuan1
煌,huang2
煎,jian1
煏,bi4
煒,wei3
煖,nuan3,xuan1
煗,nuan3
煙,yan1
煚,jiong3
煜,yu4
煞,sha1,sha4
煠,zha2
煢,qiong2
煣,rou2
煤,mei2
煦,xu4
照,zhao4
煨,wei1
煬,yang2
煮,zhu3
煲,bao1
煳,hu2
煴,yun1,yun4
煸,bian1
煺,tui4
煽,shan1
熄,xi1
熊,xiong2
熏,xun1,xun4
熒,ying2
熔,rong2
熗,qiang4
熘,liu1
熙,xi1
熛,biao1
熜,cong1
熟,shou2,shu2
熠,yi4
熥,teng1
熨,yu4,yun4
熬,ao1,ao2
熯,han4
熱,re4
熳,man4
熵,shang1
熹,xi1
熺,xi1
熾,chi4
燁,ye4
燂,tan2
燃,ran2
燄,yan4
燈,deng1
燉,dun4
燊,shen1
燎,liao2,liao3
燏,yu4
燐,lin2
燒,shao1
燔,fan2
燕,yan1,yan4
燙,tang4
燚,yi4
營,ying2
燠,yu4
燥,zao4
燦,can4
燧,sui4
燬,hui3
燭,zhu2
燮,xie4
燴,hui4
燹,xian3
燻,xun1
燼,jin4
燾,dao4,tao1
燿,yao4
爆,bao4
爇,ruo4
爊,ao1
爍,shuo4
爐,lu2
爓,yan4
爔,xi1
爕,xie4
爗,ye4
爚,yue4
爛,lan4
爝,jue2
爨,cuan4
爪,zhao3,zhua3
爬,pa2
爭,zheng1
爰,yuan2
爱,ai4
爲,wei2,wei4
爵,jue2
父,fu3,fu4
爷,ye2
爸,ba4
爹,die1
爺,ye2
爻,yao2
爽,shuang3
爾,er3
爿,pan2
牀,chuang2
牁,ke1
牂,zang1
牆,qiang2
片,pian1,pian4
版,ban3
牋,jian1
牌,pai2
牍,du2
牎,chuang1
牐,zha2
牒,die2
牓,bang3
牕,chuang1
牖,you3
牘,du2
牙,ya2
牚,cheng1,cheng4
牛,niu2
牝,pin4
牟,mou2,mu4
牠,ta1
牡,mu3
牢,lao2
牣,ren4
牤,mang1
牦,mao2
牧,mu4
物,wu4
牮,jian4
牯,gu3
牲,sheng1
牴,di3
牵,qian1
牸,zi4
特,te4
牺,xi1
牻,mang2
牽,qian1
牾,wu3
牿,gu4
犀,xi1
犁,li2
犂,li2
犄,ji1
犇,ben1
犊,du2
犋,ju4
犍,jian1,qian2
犏,pian1
犒,kao4
犖,luo4
犛,li2
犟,jiang4
犢,du2
犧,xi1
犨,chou1
犬,quan3
犯,fan4
犰,qiu2
犴,an4
状,zhuang4
犷,guang3
犹,you2
狀,zhuang4
狁,yun3
狂,kuang2
狃,niu3
狄,di2
狈,bei4
狉,pi1
狍,pao2
狎,xia2
狐,hu2
狒,fei4
狓,pi2
狖,you4
狗,gou3
狙,ju1
狝,xian3
狞,ning2
狠,hen3
狡,jiao3
狥,xun4
狩,shou4
独,du2
狭,xia2
狮,shi1
狯,kuai4
狰,zheng1
狱,yu4
狲,sun1
狳,yu2
狴,bi4
狷,juan4
狸,li2
狹,xia2
狺,yin2
狻,suan1
狼,lang2
狾,zhi4
猁,li4
猃,xian3
猄,jing1
猇,xiao1
猊,ni2
猋,biao1
猎,lie4
猕,mi2
猖,chang1
猗,yi1
猘,zhi4
猛,meng3
猜,cai1
猝,cu4
猞,she1
猡,luo2
猢,hu2
猥,wei3
猨,yuan2
猩,xing1
猪,zhu1
猫,mao1,mao2
猬,wei4
献,xian4
猰,ya4
猱,nao2
猶,you2
猷,you2
猸,mei2
猹,cha2
猺,yao2
猻,sun1
猾,hua2
猿,yuan2
獃,dai1
獄,yu4
獅,shi1
獉,zhen1
獍,jing4
獏,mo4
獐,zhang1
獒,ao2
獕,cui1
獗,jue2
獘,bi4
獠,liao2
獧,juan4
獨,du2
獪,kuai4
獫,xian3
獬,xie4
獭,ta3
獮,xian3
獯,xun1
獰,ning2
獲,huo4
獴,meng3
獵,lie4
獷,guang3
獸,shou4
獻,xian4
獼,mi2
獾,huan1
玀,luo2
玁,xian3
玄,xuan2
玅,miao4
率,lü4,shuai4
玉,yu4
王,wang2,wang4
玍,ga3
玎,ding1
玏,le4
玑,ji1
玓,di4
玕,gan1
玖,jiu3
玙,yu2
玚,chang4,yang2
玛,ma3
玞,fu1
玠,jie4
玡,ya2
玢,bin1,fen1
玥,yue4
玦,jue2
玩,wan2
玫,mei2
玭,pin2
玮,wei3
环,huan2
现,xian4
玱,qiang1
玲,ling2
玳,dai4
玷,dian4
玺,xi3
玻,bo1
珀,po4
珂,ke1
珅,shen1
珈,jia1
珉,min2
珊,shan1
珌,bi4
珍,zhen1
珎,zhen1
珏,jue2
珐,fa4
珑,long2
珓,jiao4
珙,gong3
珞,luo4
珠,zhu1
珣,xun2
珥,er3
珧,yao2
珩,hang2,heng2
珪,gui1
班,ban1
珮,pei4
珰,dang1
珲,hui1,hun2
珷,wu3
珺,jun4
珽,ting3
琀,han2
球,qiu2
琅,lang2
理,li3
琇,xiu4
琉,liu2
琊,ya2
琎,jin4
琏,lian3
琐,suo3
琖,zhan3
琚,ju1
琛,chen1
琢,zhuo2,zuo2
琤,cheng1
琥,hu3
琦,qi2
琨,kun1
琪,qi2
琫,beng3
琬,wan3
琭,lu4
琮,cong2
琯,guan3
琰,yan3
琱,diao1
琳,lin2
琴,qin2
琵,pi2
琶,pa2
琹,qin2
琺,fa4
琼,qiong2
瑀,yu3
瑁,mao4
瑄,xuan1
瑇,dai4
瑉,min2
瑊,jian1
瑋,wei3
瑑,zhuan4
瑒,chang4,yang2
瑕,xia2
瑗,yuan4
瑙,nao3
瑚,hu2
瑛,ying1
瑜,yu2
瑞,rui4
瑟,se4
瑠,liu2
瑢,rong2
瑨,jin4
瑩,ying2
瑭,tang2
瑯,lang2
瑰,gui1
瑱,zhen4
瑲,qiang1
瑶,yao2
瑷,ai4
瑽,cong1
瑾,jin3
璀,cui3
璁,cong1
璃,li2
璅,suo3
璆,qiu2
璇,xuan2
璈,ao2
璊,men2
璋,zhang1
璎,ying1
璐,lu4
璕,xun2
璘,lin2
璜,huang2
璞,pu2
璟,jing3
璠,fan2
璡,jin4
璣,ji1
璦,ai4
璧,bi4
璨,can4
璩,qu2
璪,zao3
璫,dang1
環,huan2
璵,yu2
璺,wen4
璽,xi3
璿,xuan2
瓅,li4
瓈,li2
瓊,qiong2
瓌,gui1
瓏,long2
瓒,zan4
瓖,xiang1
瓘,guan4
瓛,huan2
瓜,gua1
瓞,die2
瓠,hu4
瓢,piao2
瓣,ban4
瓤,rang2
瓦,wa3,wa4
瓩,qian1
瓮,weng4
瓯,ou1
瓴,ling2
瓷,ci2
瓻,chi1
瓿,bu4
甁,ping2
甃,zhou4
甄,zhen1
甆,ci2
甌,ou1
甍,meng2
甎,zhuan1
甏,beng4
甑,zeng4
甓,pi4
甔,dan1
甕,weng4
甖,ying1
甗,yan3
甘,gan1
甙,dai4
甚,shen2,shen4
甜,tian2
生,sheng1
甡,shen1
産,chan3
甥,sheng1
甦,su1
用,yong4
甩,shuai3
甪,lu4
甫,fu3
甬,yong3
甭,beng2
甮,feng4
甯,ning2,ning4
田,tian2
由,you2
甲,jia3
申,shen1
电,dian4
男,nan2
甸,dian4
町,ding1,ting3
画,hua4
甽,zhen4
甾,zai1
甿,meng2
畀,bi4
畅,chang4
畇,yun2
畈,fan4
畊,geng1
畋,tian2
界,jie4
畎,quan3
畏,wei4
畑,tian2
畔,pan4
畖,wa1
留,liu2
畚,ben3
畛,zhen3
畜,chu4,xu4
畝,mu3
畠,tian2
畢,bi4
畤,zhi4
略,lüe4
畦,qi2
畧,lüe4
番,fan1,pan1
畫,hua4
畬,she1,yu2
畯,jun4
異,yi4
畱,liu2
畲,she1
畴,chou2
當,dang1,dang4
畸,ji1
畹,wan3
畿,ji1
疃,tuan3
疆,jiang1
疇,chou2
疊,die2
疋,pi3,ya3
疌,jie2
疍,dan4
疎,shu1
疏,shu1
疐,zhi4
疑,yi2
疔,ding1
疖,jie1
疗,liao2
疙,ge1
疚,jiu4
疝,shan4
疟,nüe4,yao4
疠,li4
疡,yang2
疢,chen4
疣,you2
疤,ba1
疥,jie4
疧,qi2
疫,yi4
疬,li4
疭,zong4
疮,chuang1
疯,feng1
疰,zhu4
疱,pao4
疲,pi2
疳,gan1
疴,ke1
疵,ci1
疸,da5,dan3
疹,zhen3
疼,teng2
疽,ju1
疾,ji2
疿,fei4
痁,shan1
痂,jia1
痃,xuan2
痄,zha4
病,bing4
症,zheng1,zheng4
痈,yong1
痉,jing4
痊,quan2
痌,tong1
痍,yi2
痎,jie1
痏,wei3
痒,yang3
痔,zhi4
痕,hen2
痖,ya3
痗,mei4
痘,dou4
痙,jing4
痛,tong4
痞,pi3
痠,suan1
痡,fu1
痢,li4
痣,zhi4
痤,cuo2
痦,wu4
痧,sha1
痨,lao2
痪,huan4
痫,xian2
痯,guan3
痰,tan2
痱,fei4
痲,ma2
痴,chi1
痹,bi4
痺,bi4
痼,gu4
痾,e1
痿,wei3
瘀,yu1
瘁,cui4
瘂,ya3
瘃,zhu2
瘅,dan1,dan4
瘆,shen4
瘈,chi4,zhi4
瘉,yu4
瘊,hou2
瘌,la4
瘍,yang2
瘏,tu2
瘐,yu3
瘕,jia3
瘖,yin1
瘗,yi4
瘘,lou4
瘙,sao4
瘛,chi4
瘜,xi1
瘝,guan1
瘞,yi4
瘟,wen1
瘠,ji2
瘡,chuang1
瘢,ban1
瘤,liu2
瘥,chai4,cuo2
瘦,shou4
瘧,nüe4,yao4
瘩,da2
瘪,bie1,bie3
瘫,tan1
瘭,biao1
瘮,shen4
瘰,luo3
瘲,zong4
瘳,chou1
瘴,zhang4
瘵,zhai4
瘸,que2
瘺,lou4
瘻,lou4
瘼,mo4
瘾,yin3
瘿,ying3
癀,huang2
療,liao2
癃,long2
癆,lao2
癇,xian2
癉,dan1,dan4
癌,ai2
癍,ban1
癒,yu4
癔,yi4
癖,pi3
癘,li4
癙,shu3
癜,dian4
癞,lai4
癟,bie1,bie3
癡,chi1
癢,yang3
癣,xuan3
癤,jie1
癥,zheng1
癧,li4
癫,dian1
癮,yin3
癯,qu2
癰,yong1
癱,tan1
癸,gui3
登,deng1
發,fa1
白,bai2
百,bai3
皁,zao4
皂,zao4
皃,mao4
的,de5,di2,di4
皆,jie1
皇,huang2
皈,gui1
皋,gao1
皎,jiao3
皑,ai2
皓,hao4
皕,bi4
皖,wan3
皙,xi1
皚,ai2
皜,hao4
皝,huang4
皞,hao4
皤,po2
皭,jiao4
皮,pi2
皰,pao4
皱,zhou4
皲,jun1
皴,cun1
皺,zhou4
皻,zha1
皿,min3
盂,yu2
盃,bei1
盅,zhong1
盆,pen2
盇,he2
盈,ying2
盉,he2
益,yi4
盋,bo1
盌,wan3
盍,he2
盎,ang4
盏,zhan3
盐,yan2
监,jian1,jian4
盒,he2
盔,kui1
盖,gai4,ge3
盗,dao4
盘,pan2
盛,cheng2,sheng4
盞,zhan3
盟,meng2,ming2
盡,jin4
監,jian1,jian4
盤,pan2
盥,guan4
盦,an1
盧,lu2
盨,xu3
盩,zhou1
盪,dang4
盬,gu3
盭,li4
目,mu4
盯,ding1
盱,xu1
盲,mang2
直,zhi2
相,xiang1,xiang4
盹,dun3
盻,xi4
盼,pan4
盾,dun4
省,sheng3,xing3
眄,mian3,mian4
眇,miao3
眈,dan1
眉,mei2
眊,mao4
看,kan1,kan4
眍,kou1
眘,shen4
眙,yi2
眚,sheng3
真,zhen1
眠,mian2
眢,yuan1
眥,zi4
眦,zi4
眨,zha3
眩,xuan4
眬,long2
眭,sui1
眯,mi1,mi3
眵,chi1
眶,kuang4
眷,juan4
眸,mou2
眺,tiao4
眼,yan3
眽,mo4
着,zhao1,zhao2,zhe5,zhuo2
睁,zheng1
睃,suo1
睅,han4
睆,huan4
睇,di4
睊,juan4
睎,xi1
睏,kun4
睐,lai4
睑,jian3
睒,shan3
睖,leng4
睚,ya2
睛,jing1
睞,lai4
睠,juan4
睡,shui4
睢,sui1
督,du1
睥,pi4
睦,mu4
睨,ni4
睩,lu4
睫,jie2
睬,cai3
睹,du3
睽,kui2
睾,gao1
睿,rui4
瞀,mao4
瞄,miao2
瞅,chou3
瞇,mi1,mi3
瞋,chen1
瞌,ke1
瞍,sou3
瞎,xia1
瞑,ming2
瞒,man2
瞖,yi4
瞘,kou1
瞜,lou1
瞞,man2
瞟,piao3
瞠,cheng1
瞢,meng2
瞤,run2
瞥,pie1
瞧,qiao2
瞩,zhu3
瞪,deng4
瞫,shen3
瞬,shun4
瞭,liao3,liao4
瞰,kan4
瞳,tong2
瞵,lin2
瞷,jian4
瞻,zhan1
瞼,jian3
瞽,gu3
瞿,ju4,qu2
矇,meng2,meng1
矍,jue2
矑,lu2
矓,long2
矗,chu4
矙,kan4
矚,zhu3
矛,mao2
矜,guan1,jin1,qin2
矞,yu4
矟,shuo4
矢,shi3
矣,yi3
知,zhi1
矧,shen3
矩,ju3
矫,jiao2,jiao3
矬,cuo2
短,duan3
矮,ai3
矯,jiao2,jiao3
矰,zeng1
矱,yue1
石,dan4,shi2
矴,ding4
矶,ji1
矸,gan1
矻,ku1
矼,gang1
矽,xi4
矾,fan2
矿,kuang4
砀,dang4
码,ma3
砂,sha1
砄,jue2
砆,fu1
砉,huo4,xu1
砌,qi4,qie4
砍,kan3
砑,ya4
砒,pi1
研,yan2,yan4
砖,zhuan1
砗,che1
砘,dun4
砚,yan4
砜,feng1
砝,fa2
砟,zha3
砢,ke1
砣,tuo2
砥,di3
砦,zhai4
砧,zhen1
砩,fu2
砫,zhu4
砬,la2
砭,bian1
砮,nu3
砰,peng1
砲,pao4
破,po4
砵,bo1
砷,shen1
砸,za2
砹,ai4
砺,li4
砻,long2
砼,tong2
砾,li4
础,chu3
硁,keng1
硃,zhu1
硅,gui1
硇,nao2
硋,ai4
硌,ge4,luo4
硎,xing2
硏,yan2,yan4
硐,dong4,liu2
硒,xi1
硕,shuo4
硖,xia2
硗,qiao1
硙,wei2,wei4
硚,qiao2
硜,keng1
硝,xiao1
硠,lang2
硤,xia2
硪,wo4
硫,liu2
硬,ying4
硭,mang2
确,que4
硶,chen3
硷,jian3
硼,peng2
碁,qi2
碇,ding4
碉,diao1
碌,liu4,lu4
碍,ai4
碎,sui4
碏,que4
碑,bei1
碓,dui4
碔,wu3
碕,qi2
碗,wan3
碘,dian3
碚,bei4
碛,qi4
碜,chen3
碟,die2
碡,du2
碣,jie2
碥,bian3
碧,bi4
碨,wei4
碪,zhen1
碫,duan4
碭,dang4
碰,peng4
碱,jian3
碲,di4
碳,tan4
碴,cha1,cha2
碶,qi4
碹,xuan4
確,que4
碻,que4
碾,nian3
磁,ci2
磅,bang4,pang2
磉,sang3
磊,lei3
磋,cuo1
磎,xi1
磏,lian2,qian1
磐,pan2
磑,wei2
磔,zhe2
磕,ke1
磖,la2
磙,gun3
磚,zhuan1
磜,qi4
磟,liu4
磡,kan4
磣,chen3
磨,mo2,mo4
磬,qing4
磯,ji1
磲,qu2
磴,deng4
磷,lin2
磹,tan2
磺,huang2
磻,pan2
磽,qiao1
磾,di1
礁,jiao1
礃,zhang3
礄,qiao2
礅,dun1
礆,jian3
礌,lei2
礎,chu3
礓,jiang1
礙,ai4
礞,meng2
礤,ca3
礦,kuang4
礧,lei2
礩,zhi4
礪,li4
礫,li4
礬,fan2
礮,pao4
礱,long2
礳,mo4
礴,bo2
礵,shuang1
示,shi4
礼,li3
礽,reng2
社,she4
祀,si4
祁,qi2
祃,ma4
祆,xian1
祇,qi2,zhi3
祈,qi2
祉,zhi3
祊,beng1
祎,yi1
祏,shi2
祐,you4
祓,fu2
祔,fu4
祕,bi4,mi4
祖,zu3
祗,zhi1
祘,suan4
祚,zuo4
祛,qu1
祜,hu4
祝,zhu4
神,shen2
祟,sui4
祠,ci2
祢,mi2,ni3
祥,xiang2
祧,tiao1
票,piao4
祫,xia2
祭,ji4,zhai4
祯,zhen1
祲,jin4
祷,dao3
祸,huo4
祺,qi2
祼,guan4
祾,ling2
禁,jin1,jin4
禄,lu4
禅,chan2,shan4
禊,xi4
禋,yin1
禍,huo4
福,fu2
禕,yi1
禖,mei2
禘,di4
禚,zhuo2
禛,zhen1
禤,xuan1
禦,yu4
禧,xi3
禨,ji1
禩,si4
禪,chan2,shan4
禫,dan4
禮,li3
禰,mi2,ni3
禱,dao3
禳,rang2
禹,yu3
禺,yu2
离,li2
禼,xie4
禽,qin2
禾,he2
秀,xiu4
私,si1
秃,tu1
秆,gan3
秈,xian1
秉,bing3
秊,nian2
秋,qiu1
秌,qiu1
种,chong2,zhong3,zhong4
科,ke1
秒,miao3
秔,jing1
秕,bi3
秘,bi4,mi4
租,zu1
秣,mo4
秤,cheng4
秦,qin2
秧,yang1
秩,zhi4
秫,shu2
秭,zi3
积,ji1
称,chen4,cheng1,cheng4
秸,jie1
移,yi2
秽,hui4
秾,nong2
稀,xi1
稂,lang2
稃,fu1
稆,lü3
稈,gan3
稉,jing1
程,cheng2
稍,shao1,shao4
税,shui4
稔,ren3
稖,bang4
稗,bai4
稙,zhi1
稚,zhi4
稜,leng2,ling2
稞,ke1
稟,bing3
稠,chou2
稣,su1
稨,bian3
稬,nuo4
稭,jie1
種,zhong3,zhong4
稱,cheng1,cheng4,chen4
稳,wen3
稷,ji4
稹,zhen3
稻,dao4
稼,jia4
稽,ji1,qi3
稾,gao3
稿,gao3
穀,gu3
穄,ji4
穅,kang1
穆,mu4
穇,can3
穈,mei2
穉,zhi4
穊,ji4
積,ji1
穐,qiu1
穑,se4
穗,sui4
穜,zhong3,zhong4
穟,sui4
穠,nong2
穡,se4
穢,hui4
穤,nuo4
穨,tui2
穩,wen3
穫,huo4
穭,lü3
穮,biao1
穰,rang2
穴,xue2
穵,wa1
究,jiu1
穷,qiong2
穸,xi1
穹,qiong2
空,kong1,kong4
穽,jing3
穿,chuan1
窀,zhun1
突,tu1
窃,qie4
窄,zhai3
窅,yao3
窆,bian3
窈,yao3
窊,wa1
窍,qiao4
窎,diao4
窑,yao2
窒,zhi4
窓,chuang1
窕,tiao3
窖,jiao4
窗,chuang1
窘,jiong3
窜,cuan4
窝,wo1
窟,ku1
窠,ke1
窣,su1
窥,kui1
窦,dou4
窨,xun1,yin4
窩,wo1
窪,wa1
窬,yu2
窭,ju4
窮,qiong2
窯,yao2
窰,yao2
窳,yu3
窶,ju4
窸,xi1
窻,chuang1
窾,kuan3
窿,long2
竄,cuan4
竅,qiao4
竇,dou4
竈,zao4
竊,qie4
立,li4
竑,hong2
竖,shu4
站,zhan4
竚,zhu4
竝,bing4
竞,jing4
竟,jing4
章,zhang1
竢,si4
竣,jun4
童,tong2
竦,song3
竪,shu4
竭,jie2
端,duan1
競,jing4
竹,zhu2
竺,zhu2
竽,yu2
竾,chi2
竿,gan1
笃,du3
笄,ji1
笆,ba1
笈,ji2
笊,zhao4
笋,sun3
笏,hu4
笑,xiao4
笓,bi4
笔,bi3
笕,jian3
笙,sheng1
笛,di2
笞,chi1
笠,li4
笢,min3
笤,tiao2
笥,si4
符,fu2
笨,ben4
笪,da2
笫,zi3
第,di4
笭,ling2
笮,ze2,zuo2
笱,gou3
笳,jia1
笴,gan3
笸,po3
笺,jian1
笼,long2,long3
笾,bian1
筅,xian3
筆,bi3
筇,qiong2
筈,kuo4
等,deng3
筊,xiao2
筋,jin1
筌,quan2
筍,sun3
筏,fa2
筐,kuang1
筑,zhu2,zhu4
筒,tong3
答,da1,da2
策,ce4
筘,kou4
筚,bi4
筛,shai1
筜,dang1
筝,zheng1
筞,ce4
筠,jun1,yun2
筢,pa2
筥,ju3
筦,guan3
筩,tong2
筭,suan4
筮,shi4
筯,zhu4
筰,zuo2
筱,xiao3
筲,shao1
筴,ce4,jia2,jia1
筵,yan2
筷,kuai4
筹,chou2
筻,gang4
筼,yun2
签,qian1
简,jian3
箅,bi4
箇,ge4
箋,jian1
箍,gu1
箎,chi2
箐,qing4
箑,sha4
箒,zhou3
箓,lu4
箔,bo2
箕,ji1
算,suan4
箙,fu2
箜,kong1
箝,qian2
箠,chui2
管,guan3
箢,yuan1
箧,qie4
箨,tuo4
箩,luo2
箪,dan1
箫,xiao1
箬,ruo4
箭,jian4
箱,xiang1
箲,xian3
箴,zhen1
箵,xing1
箷,yi2
箸,zhu4
節,jie1,jie2
範,fan4
篅,chuan2
篆,zhuan4
篇,pian1
築,zhu2
篊,huang2
篋,qie4
篌,hou2
篑,kui4
篓,lou3
篘,chou1
篙,gao1
篚,fei3
篛,ruo4
篝,gou1
篠,xiao3
篡,cuan4
篢,long3
篥,li4
篦,bi4
篨,chu2
篩,shai1
篪,chi2
篮,lan2
篰,bu4
篱,li2
篲,hui4
篳,bi4
篷,peng2
篸,can3,zan1
篹,zhuan4,zuan3
篼,dou1
篾,mie4
簀,ze2
簃,yi2
簆,kou4
簇,cu4
簉,zao4
簋,gui3
簌,su4
簍,lou3
簏,lu4
簑,suo1
簕,le4
簖,duan4
簙,bo2
簞,dan1
簟,dian4
簠,fu3
簦,deng1
簧,huang2
簨,sun3
簪,zan1
簫,xiao1
簰,pai2
簴,ju4
簷,yan2
簸,bo3,bo4
簹,dang1
簻,zhua1
簽,qian1
簾,lian2
簿,bu4
籀,zhou4
籁,lai4
籃,lan2
籆,yue4
籋,nie4
籌,chou2
籍,ji2
籐,teng2
籑,zhuan4,zuan3
籙,lu4
籜,tuo4
籝,ying2
籠,long2,long3
籣,lan2
籤,qian1
籥,yue4
籧,qu2
籨,lian2
籩,bian1
籪,duan4
籬,li2
籮,luo2
籯,ying2
籰,yue4
籲,yu4
米,mi3
籴,di2
籸,shen1
籹,nü3
类,lei4
籼,xian1
籽,zi3
粃,bi3
粉,fen3
粑,ba1
粒,li4
粔,ju4
粕,po4
粗,cu1
粘,nian2,zhan1
粜,tiao4
粝,li4
粞,xi1
粟,su4
粢,zi1
粤,yue4
粥,yu4,zhou1
粧,zhuang1
粪,fen4
粬,qu1
粮,liang2
粱,liang2
粲,can4
粳,jing1
粹,cui4
粼,lin2
粽,zong4
精,jing1
糁,san3,shen1
糅,rou2
糇,hou2
糈,xu3
糉,zong4
糊,hu1,hu2,hu4
糌,zan1
糍,ci2
糒,bei4
糕,gao1
糖,tang2
糗,qiu3
糙,cao1
糜,mei2,mi2
糝,san3,shen1
糞,fen4
糟,zao1
糠,kang1
糡,jiang4
糧,liang2
糨,jiang4
糯,nuo4
糰,tuan2
糱,nie4
糲,li4
糴,di2
糵,nie4
糶,tiao4
系,ji4,xi4
紃,xun2
紊,wen3
紟,jin1
素,su4
索,suo3
紥,za1,zha1
紧,jin3
紩,zhi4
紫,zi3
紮,za1,zha1
累,lei2,lei3,lei4
紵,zhu4
紾,zhen3
絁,shi1
絃,xian2
絍,ren4
絏,xie4
絓,gua4
絖,kuang4
絚,geng1
絛,tao1
絜,jie2,xie2
絪,yin1
絮,xu4
絲,si1
絷,zhi2
絸,jian3
絺,chi1
綑,kun3
經,jing1,jing4
綝,chen1,lin2
綦,qi2
綪,qian4
綫,xian4
綮,qi3,qing3
綱,gang1
網,wang3
綵,cai3
綷,cui4
綸,guan1,lun2
緅,zou1
緉,liang3
緊,jin3
緌,rui2
緍,min2
緐,fan2
緜,mian2
緤,xie4
緥,bao3
緪,geng1
緯,wei3
練,lian4
緺,gua1
緻,zhi4
縂,zong3
縆,geng1
縈,ying2
縏,pan2
縐,zhou4
縚,tao1
縠,hu2
縢,teng2
縣,xian4,xuan2
縧,tao1
縩,cai4
縯,yan3
縱,zong4
縴,qian4
縶,zhi2
縷,lü3
縻,mi2
總,zong3
繁,fan2,po2
繃,beng1,beng3,beng4
繄,yi1
繇,yao2,you2,zhou4
繋,ji4
繐,sui4
織,zhi1
繖,san3
繙,fan1,fan2
繞,rao3,rao4
繠,rui3
繡,xiu4
繦,qiang3
繨,da5
繩,sheng2
繪,hui4
繫,xi4
繭,jian3
繹,yi4
繼,ji4
繽,bin1
纁,xun1
纂,zuan3
纆,mo4
纊,kuang4
續,xu4
纍,lei2,lei3
纏,chan2
纑,lu2
纔,cai2
纖,xian1
纚,li2,xi3
纛,dao4
纜,lan3
纠,jiu1
纡,yu1
红,gong1,hong2
纣,zhou4
纤,qian4,xian1
纥,ge1,he2
约,yao1,yue1
级,ji2
纨,wan2
纩,kuang4
纪,ji3,ji4
纫,ren4
纬,wei3
纭,yun2
纮,hong2
纯,chun2
纰,pi1
纱,sha1
纲,gang1
纳,na4
纴,ren4
纵,zong4
纶,guan1,lun2
纷,fen1
纸,zhi3
纹,wen2,wen4
纺,fang3
纻,zhu4
纼,zhen4
纽,niu3
纾,shu1
线,xian4
绀,gan4
绁,xie4
绂,fu2
练,lian4
组,zu3
绅,shen1
细,xi4
织,zhi1
终,zhong1
绉,zhou4
绊,ban4
绋,fu2
绌,chu4
绍,shao4
绎,yi4
经,jing1,jing4
绐,dai4
绑,bang3
绒,rong2
结,jie1,jie2
绔,ku4
绕,rao3,rao4
绖,die2
绗,hang2
绘,hui4
给,gei3,ji3
绚,xuan4
绛,jiang4
络,lao4,luo4
绝,jue2
绞,jiao3
统,tong3
绠,geng3
绡,xiao1
绢,juan4
绣,xiu4
绤,xi4
绥,sui2
绦,tao1
继,ji4
绨,ti2,ti4
绩,ji1
绪,xu4
绫,ling2
续,xu4
绮,qi3
绯,fei1
绰,chao1,chuo4
绱,shang4
绲,gun3
绳,sheng2
维,wei2
绵,mian2
绶,shou4
绷,beng1,beng3,beng4
绸,chou2
绹,tao2
绺,liu3
绻,quan3
综,zeng4,zong1
绽,zhan4
绾,wan3
绿,lu4,lü4
缀,zhui4
缁,zi1
缂,ke4
缃,xiang1
缄,jian1
缅,mian3
缆,lan3
缇,ti2
缈,miao3
缉,ji1,qi1
缊,yun1,yun4
缋,hui4
缌,si1
缎,duan4
缏,bian4,pian2
缐,xian4
缑,gou1
缒,zhui4
缓,huan3
缔,di4
缕,lü3
编,bian1
缗,min2
缘,yuan2
缙,jin4
缚,fu4
缛,ru4
缜,zhen3
缝,feng2,feng4
缞,cui1
缟,gao3
缠,chan2
缡,li2
缢,yi4
缣,jian1
缤,bin1
缥,piao1,piao3
缦,man4
缧,lei2
缨,ying1
缩,su4,suo1
缪,miao4,miu4,mou2
缫,sao1
缬,xie2
缭,liao2
缮,shan4
缯,zeng1,zeng4
缰,jiang1
缱,qian3
缲,qiao1,sao1
缳,huan2
缴,jiao3,zhuo2
缵,zuan3
缶,fou3
缸,gang1
缺,que1
缽,bo1
缾,ping2
缿,xiang4
罂,ying1
罃,ying1
罄,qing4
罅,xia4
罆,guan4
罇,zun1
罈,tan2
罋,weng4
罍,lei2
罎,tan2
罏,lu2
罐,guan4
网,wang3
罔,wang3
罕,han3
罗,luo1,luo2
罘,fu2
罚,fa2
罛,gu1
罝,ju1
罟,gu3
罡,gang1
罢,ba4,ba5
罣,gua4
罥,juan4
罦,fu2
罨,yan3
罩,zhao4
罪,zui4
罭,yu4
置,zhi4
罱,lan3
署,shu3
罳,si1
罴,pi2
罵,ma4
罶,liu3
罷,ba4,ba5,pi2
罸,fa2
罹,li2
罻,wei4
罽,ji4
罾,zeng1
罿,chong1
羁,ji1
羅,luo2
羆,pi2
羊,yang2
羌,qiang1
美,mei3
羑,you3
羔,gao1
羖,gu3
羚,ling2
羝,di1
羞,xiu1
羟,qiang3
羡,xian4
羢,rong2
羣,qu2n
群,qu2n
羥,qiang3
羧,suo1
羨,xian4
義,yi4
羯,jie2
羰,tang1
羱,yuan2
羲,xi1
羶,shan1
羸,lei2
羹,geng1
羼,chan4
羽,yu3
羿,yi4
翀,chong1
翁,weng1
翃,hong2
翄,chi4
翅,chi4
翊,yi4
翌,yi4
翎,ling2
習,xi2
翔,xiang2
翕,xi1
翘,qiao2,qiao4
翙,hui4
翚,hui1
翛,xiao1
翟,di2,zhai2
翠,cui4
翡,fei3
翥,zhu4
翦,jian3
翩,pian1
翫,wan2
翮,he2
翯,he4
翰,han4
翱,ao2
翳,yi4
翹,qiao2,qiao4
翺,ao2
翻,fan1
翼,yi4
翽,hui4
翾,xuan1
耀,yao4
老,lao3
考,kao3
耄,mao4
者,zhe3
耆,qi2,shi4
耇,gou3
耈,gou3
耋,die2
而,er2
耍,shua3
耎,ruan3
耐,nai4
耑,duan1,zhuan1
耒,lei3
耔,zi3
耕,geng1
耖,chao4
耗,hao4
耘,yun2
耙,ba4,pa2
耜,si4
耠,huo1
耡,chu2
耢,lao4
耥,tang1
耦,ou3
耧,lou2
耨,nou4
耩,jiang3
耪,pang3
耬,lou2
耮,lao4
耰,you1
耱,mo4
耲,huai2
耳,er3
耵,ding1
耶,ye1,ye2
耷,da1
耸,song3
耻,chi3
耼,dan1
耽,dan1
耿,geng3
聂,nie4
聃,dan1
聆,ling2
聊,liao2
聋,long2
职,zhi2
聍,ning2
聒,gua1
联,lian2
聖,sheng4
聘,pin4
聚,ju4
聝,guo2
聩,kui4
聪,cong1
聯,lian2
聰,cong1
聱,ao2
聲,sheng1
聳,song3
聶,nie4
職,zhi2
聹,ning2
聼,ting1
聽,ting1,ting4
聾,long2
聿,yu4
肃,su4
肄,yi4
肅,su4
肆,si4
肇,zhao4
肈,zhao4
肉,rou4
肊,yi4
肋,le1,lei4
肌,ji1
肎,ke3n
肐,ge1
肓,huang1
肖,xiao1,xiao4
肘,zhou3
肚,du3,du4
肛,gang1
肜,rong2
肝,gan1
肟,wo4
肠,chang2
股,gu3
肢,zhi1
肤,fu1
肥,fei2
肧,pei1
肨,pang4
肩,jian1
肪,fang2
肫,zhun1
肬,you2
肭,na4
肮,ang1
肯,ke3n
肱,gong1
育,yo1,yu4
肴,yao2
肷,qian3
肸,xi1
肺,fei4
肼,jing3
肽,tai4
肾,shen4
肿,zhong3
胀,zhang4
胁,xie2
胂,shen4
胃,wei4
胄,zhou4
胆,dan3
胈,ba2
胊,qu2
背,bei1,bei4
胍,gua1
胎,tai1
胔,zi4
胖,pan2,pang4
胗,zhen1
胙,zuo4
胚,pei1
胛,jia3
胜,sheng1,sheng4
胝,zhi1
胞,bao1
胠,qu1
胡,hu2
胤,yin4
胥,xu1
胧,long2
胨,dong4
胩,ka3
胪,lu2
胫,jing4
胬,nu3
胭,yan1
胮,pang1
胯,kua4
胰,yi2
胱,guang1
胲,hai3
胳,ga1,ge1,ge2
胴,dong4
胵,chi1
胶,jiao1
胷,xiong1
胸,xiong1
胹,er2
胺,an4
胼,pian2
能,neng2
胾,zi4
脁,tiao3
脂,zhi1
脃,cui4
脄,mei2
脅,xie2
脆,cui4
脇,xie2
脈,mai4,mo4
脉,mai4,mo4
脊,ji2,ji3
脍,kuai4
脎,sa4
脏,zang4,zang1
脐,qi2
脑,nao3
脒,mi3
脓,nong2
脔,luan2
脖,bo2
脗,wen3
脘,wan3
脚,jiao3,jue2
脛,jing4
脝,heng1
脞,cuo3
脡,ting3
脢,mei2
脣,chun2
脦,de5,te5
脧,juan1,zui1
脩,xiu1
脬,pao1
脯,fu3,pu2
脰,dou4
脱,tuo1
脲,niao4
脶,luo2
脸,lian3
脹,zhang4
脺,cui4
脾,pi2
腆,tian3
腈,jing1
腊,la4,xi1
腋,ye4
腌,a1,yan1
腎,shen4
腐,fu3
腑,fu3
腒,ju1
腓,fei2
腔,qiang1
腕,wan4
腖,dong4
腘,guo2
腙,zong1
腚,ding4
腠,cou4
腡,luo2
腤,an1
腥,xing1
腦,nao3
腧,shu4
腩,nan3
腫,zhong3
腭,e4
腮,sai1
腯,tu2
腰,yao1
腱,jian4
腳,jiao3,jue2
腴,yu2
腷,bi4
腸,chang2
腹,fu4
腺,xian4
腻,ni4
腼,mian3
腽,wa4
腾,teng2
腿,tui3
膀,bang3,bang4,pang1,pang2
膁,qian3
膂,lü3
膆,su4
膇,zhui4
膈,ge2
膊,bo2
膋,liao2
膍,pi2
膏,gao1,gao4
膑,bin4
膕,guo2
膗,chuai2
膘,biao1
膙,jiang3
膚,fu1
膛,tang2
膜,mo2
膝,xi1
膞,zhuan1
膠,jiao1
膣,zhi4
膦,lin4
膧,tong2
膨,peng2
膪,chuai4
膰,fan2
膳,shan4
膵,cui4
膺,ying1
膻,shan1
膽,dan3
膾,kuai4
膿,nong2
臀,tun2
臁,lian2
臂,bei5,bi4
臃,yong1
臆,yi4
臈,la4
臉,lian3
臊,sao1,sao4
臌,gu3
臍,qi2
臏,bin4
臑,nao4
臕,biao1
臘,la4
臙,yan1
臚,lu2
臛,huo4
臜,za1
臝,luo3
臞,qu2
臟,zang4
臠,luan2
臣,chen2
臥,wo4
臧,zang1
臨,lin2
自,zi4
臬,nie4
臭,chou4,xiu4
臯,gao1
臲,nie4
至,zhi4
致,zhi4
臺,tai2
臻,zhen1
臼,jiu4
臾,yu2
臿,cha1
舀,yao3
舁,yu2
舂,chong1
舄,xi4
舅,jiu4
舆,yu2
與,yu2,yu3,yu4
興,xing1,xing4
舉,ju3
舊,jiu4
舋,xin4
舌,she2
舍,she3,she4
舐,shi4
舒,shu1
舔,tian3
舖,pu4
舘,guan3
舛,chuan3
舜,shun4
舝,xia2
舞,wu3
舟,zhou1
舡,chuan2
舢,shan1
舣,yi3
舨,ban3
舩,chuan2
航,hang2
舫,fang3
般,ban1,bo1,pan2
舭,bi3
舰,jian4
舱,cang1
舲,ling2
舳,zhu2
舴,ze2
舵,duo4
舶,bo2
舷,xian2
舸,ge3
船,chuan2
舻,lu2
舾,xi1
艄,shao1
艅,yu2
艇,ting3
艉,wei3
艋,meng3
艎,huang2
艏,shou3
艑,bian4
艕,bang4
艖,cha1
艘,sou1
艙,cang1
艚,cao2
艟,chong1
艢,qiang2
艣,lu3
艤,yi3
艦,jian4
艨,meng2
艪,lu3
艫,lu2
艮,gen3,gen4
良,liang2
艰,jian1
艱,jian1
色,se4,shai3
艳,yan4
艴,fu2
艷,yan4
艸,cao3
艺,yi4
艻,le4
艽,jiao1
艾,ai4,yi4
艿,nai3
节,jie1,jie2
芃,peng2
芈,mi3
芊,qian1
芋,yu4
芍,shao2
芎,qiong1
芏,du4
芑,qi3
芒,mang2,wang2
芗,xiang1
芙,fu2
芜,wu2
芝,zhi1
芟,shan1
芡,qian4
芣,fu2
芤,kou1
芥,gai4,jie4
芦,lu2,lu3
芧,xu4,zhu4
芨,ji1
芩,qin2
芪,qi2
芫,yan2,yuan2
芬,fen1
芭,ba1
芮,rui4
芯,xin1,xin4
芰,ji4
花,hua1
芳,fang1
芴,wu4
芶,gou3
芷,zhi3
芸,yun2
芹,qin2
芻,chu2
芼,mao4
芽,ya2
芾,fei4,fu2
苁,cong1
苄,bian4
苅,yi4
苇,wei3
苈,li4
苊,e4
苋,xian4
苌,chang2
苍,cang1
苎,zhu4
苏,su1
苑,yuan4
苒,ran3
苓,ling2
苔,tai1,tai2
苕,shao2,tiao2
苗,miao2
苘,qing3
苛,ke1
苜,mu4
苞,bao1
苟,gou3
苠,min2
苡,yi3
苢,yi3
苣,ju4,qu3
苤,pie3
若,re3,ruo4
苦,ku3
苧,ning2
苫,shan1,shan4
苯,ben3
英,ying1
苲,zha3
苴,ju1
苶,nie2
苷,gan1
苹,ping2
苺,mei2
苻,fu2
苽,gu1
苾,bi4
茀,fu2
茁,zhuo2
茂,mao4
范,fan4
茄,jia1,qie2
茅,mao2
茆,mao2
茇,ba2
茈,ci2,zi3
茉,mo4
茌,chi2
茎,jing1
茏,long2
茑,niao3
茓,xue2
茔,ying2
茕,qiong2
茖,ge2
茗,ming2
茚,yin4
茛,gen4
茜,qian4,xi1
茝,chai3
茧,jian3
茨,ci2
茫,mang2
茬,cha2
茭,jiao1
茯,fu2
茱,zhu1
茲,zi1
茳,jiang1
茴,hui2
茵,yin1
茶,cha2
茸,rong2
茹,ru2
茺,chong1
茼,tong2
荀,xun2
荃,quan2
荄,gai1
荅,da1,da2
荆,jing1
荇,xing4
草,cao3
荍,qiao2
荏,ren3
荐,jian4
荑,ti2,yi2
荒,huang1
荔,li4
荙,da2
荚,jia2
荛,rao2
荜,bi4
荞,qiao2
荟,hui4
荠,ji4,qi2
荡,dang4
荣,rong2
荤,hun1,xun1
荥,xing2,ying2
荦,luo4
荧,ying2
荨,qian2
荩,jin4
荪,sun1
荫,yin1,yin4
荬,mai3
荭,hong2
荮,zhou4
药,yao4
荳,dou4
荷,he2,he4
荸,bi2
荻,di2
荼,tu2
荽,sui1
莅,li4
莆,pu2
莉,li4
莊,zhuang1
莎,sha1,suo1
莒,ju3
莓,mei2
莕,xing4
莖,jing1
莘,shen1,xin1
莙,jun1
莛,ting2
莜,you2
莝,cuo4
莞,guan1,guan3,wan3
莠,you3
莢,jia2
莨,lang4,liang2
莩,fu2,piao3
莪,e2
莫,mo4,mu4
莰,kan3
莱,lai2
莲,lian2
莳,shi2,shi4
莴,wo1
莶,xian1
获,huo4
莸,you2
莹,ying2
莺,ying1
莼,chun2
莽,mang3
菀,wan3,yu4
菁,jing1
菂,di4
菅,jian1
菇,gu1
菉,lu4,lü4
菊,ju2
菌,jun1,jun4
菏,he2
菑,zai1,zi1
菓,guo3
菔,fu2
菖,chang1
菘,song1
菜,cai4
菝,ba2
菟,tu2,tu4
菠,bo1
菡,han4
菢,bao4
菩,pu2
菪,dang4
華,hua2,hua1,hua4
菰,gu1
菱,ling2
菲,fei1,fei3
菴,an1
菶,beng3
菸,yan1
菹,ju1
菻,lin3
菼,tan3
菽,shu1
菾,tian2
萁,qi2
萃,cui4
萄,tao2
萆,bi4
萇,chang2
萊,lai2
萋,qi1
萌,meng2
萍,ping2
萎,wei1,wei3
萏,dan4
萑,huan2
萘,nai4
萚,tuo4
萜,tie1
萝,luo2
萤,ying2
营,ying2
萦,ying2
萧,xiao1
萨,sa4
萩,qiu1
萬,wan4
萱,xuan1
萵,wo1
萸,yu2
萹,bian3
萼,e4
落,la4,lao4,luo1,luo4
葅,zu1
葆,bao3
葉,ye4
葎,lü4
葑,feng1,feng4
葓,hong2
葖,tu1
著,zhe5,zhu4,zhuo2
葙,xiang1
葚,ren4,shen4
葛,ge2,ge3
葜,qia1
葠,shen1
葡,pu2
董,dong3
葦,wei3
葩,pa1
葫,hu2
葬,zang4
葭,jia1
葱,cong1
葳,wei1
葵,kui2
葶,ting2
葸,xi3
葹,shi1
葺,qi4
蒂,di4
蒇,chan3
蒈,kai3
蒉,kui4
蒋,jiang3
蒌,lou2
蒍,wei3
蒎,pai4
蒐,sou1
蒔,shi2,shi4
蒗,lang4
蒙,meng1,meng2,meng3
蒜,suan4
蒞,li4
蒟,ju3
蒡,bang4
蒨,qian4
蒯,kuai3
蒱,pu2
蒲,pu2
蒴,shuo4
蒸,zheng1
蒹,jian1
蒺,ji2
蒻,ruo4
蒼,cang1
蒽,en1
蒿,hao1
蓀,sun1
蓁,zhen1
蓂,ming2
蓄,xu4
蓆,xi2
蓇,gu3
蓉,rong2
蓊,weng3
蓋,gai4,ge3
蓍,shi1
蓏,luo3
蓐,ru4
蓑,suo1
蓓,bei4
蓖,bi4
蓚,tiao2
蓝,la5,lan2
蓟,ji4
蓠,li2
蓡,shen1
蓣,yu4
蓥,ying2
蓦,mo4
蓧,diao4
蓨,tiao2
蓬,peng2
蓯,cong1
蓰,xi3
蓱,ping2
蓴,chun2
蓺,yi4
蓼,liao3,lu4
蓽,bi4
蓿,xu5
蔂,lei2
蔌,su4
蔑,mie4
蔓,man2,man4,wan4
蔔,bo5
蔕,di4
蔗,zhe4
蔚,wei4,yu4
蔞,lou2
蔟,cu4
蔡,cai4
蔣,jiang3
蔥,cong1
蔧,hui4
蔫,nian1
蔬,shu1
蔭,yin1,yin4
蔴,ma2
蔷,qiang2
蔸,dou1
蔹,lian3
蔺,lin4
蔻,kou4
蔼,ai3
蔽,bi4
蔾,li2
蔿,wei3
蕁,qian2
蕃,fan1,fan2
蕅,ou3
蕈,xun4
蕉,jiao1,qiao2
蕊,rui3
蕋,rui3
蕎,qiao2
蕒,mai3
蕓,yun2
蕕,you2
蕖,qu2
蕘,rao2
蕙,hui4
蕞,zui4
蕤,rui2
蕨,jue2
蕩,dang4
蕪,wu2
蕭,xiao1
蕰,wen1
蕲,qi2
蕴,yun4
蕹,weng4
蕺,ji2
蕻,hong2,hong4
蕾,lei3
薁,yu4
薄,bao2,bo2,bo4
薅,hao1
薆,ai4
薇,wei1
薈,hui4
薋,ci2
薌,xiang1
薏,yi4
薐,leng2
薑,jiang1
薔,qiang2
薘,da2
薙,ti4
薛,xue1
薜,bi4
薟,xian1
薢,xie4
薤,xie4
薦,jian4
薨,hong1
薩,sa4
薪,xin1
薮,sou3
薯,shu3
薰,xun1
薴,ning2
薷,ru2
薸,piao2
薹,tai2
薺,ji4,qi2
薿,ni3
藁,gao3
藂,cong2
藉,ji2,jie4
藊,bian3
藍,la5,lan2
藎,jin4
藏,cang2,zang4
藐,miao3
藑,qiong2
藓,xian3
藕,ou3
藜,li2
藝,yi4
藠,jiao4
藤,teng2
藥,yao4
藨,biao1
藩,fan1
藪,sou3
藭,qiong2
藶,li4
藷,shu3
藻,zao3
藿,huo4
蘀,tuo4
蘂,rui3
蘄,qi2
蘅,heng2
蘆,lu2,lu3
蘇,su1
蘋,pin2,ping2
蘐,xuan1
蘑,mo2
蘖,bo4,nie4
蘘,rang2
蘞,lian3
蘡,ying1
蘢,long2
蘧,qu2
蘩,fan2
蘭,lan2
蘸,zhan4
蘺,li2
蘼,mi2
蘿,luo2
虆,lei2
虎,hu3,hu4
虏,lu3
虐,nüe4
虑,lü4
虒,si1
虓,xiao1
虔,qian2
處,chu3,chu4
虚,xu1
虜,lu3
虞,yu2
號,hao2,hao4
虡,ju4
虢,guo2
虣,bao4
虧,kui1
虩,xi4
虫,chong2
虬,qiu2
虮,ji3
虯,qiu2
虱,shi1
虵,she2
虹,hong2,jiang4
虺,hui1,hui3
虻,meng2
虼,ge4
虽,sui1
虾,ha2,xia1
虿,chai4
蚀,shi2
蚁,yi3
蚂,ma1,ma3,ma4
蚊,wen2
蚋,rui4
蚌,bang4,beng4
蚍,pi2
蚓,yin3
蚕,can2
蚘,hui2
蚛,zhong4
蚜,ya2
蚝,hao2
蚡,fen2
蚣,gong1
蚤,zao3
蚦,ran2
蚧,jie4
蚨,fu2
蚩,chi1
蚪,dou3
蚬,xian3
蚯,qiu1
蚰,you2
蚱,zha4
蚴,you4
蚶,han1
蚺,ran2
蛀,zhu4
蛄,gu1,gu3
蛆,qu1
蛇,she2,yi2
蛉,ling2
蛊,gu3
蛋,dan4
蛎,li4
蛏,cheng1
蛐,qu1
蛑,mou2
蛔,hui2
蛕,hui2
蛘,yang2
蛙,wa1
蛛,zhu1
蛞,kuo4
蛟,jiao1
蛣,qi1
蛤,ge2,ha2
蛩,qiong2
蛭,zhi4
蛮,man2
蛰,zhe2
蛱,jia2
蛲,nao2
蛳,si1
蛴,qi2
蛸,shao1,xiao1
蛹,yong3
蛺,jia2
蛾,e2,yi3
蜀,shu3
蜂,feng1
蜃,shen4
蜇,zhe1,zhe2
蜈,wu2
蜉,fu2
蜊,li2
蜋,lang2
蜍,chu2
蜎,yuan1
蜐,jie2
蜒,yan2
蜓,ting2
蜕,tui4
蜗,wo1
蜘,zhi1
蜚,fei1,fei3
蜜,mi4
蜞,qi2
蜡,la4,zha4
蜢,meng3
蜣,qiang1
蜥,xi1
蜨,die2
蜩,tiao2
蜮,yu4
蜯,bang4
蜱,pi2
蜴,yi4
蜷,quan2
蜹,rui4
蜺,ni2
蜻,qing1
蜽,liang3
蜾,guo3
蜿,wan1
蝀,dong1
蝂,ban3
蝃,di4
蝄,wang3
蝇,ying2
蝈,guo1
蝉,chan2
蝌,ke1
蝎,xie1
蝓,yu2
蝗,huang2
蝘,yan3
蝙,bian1
蝜,fu4
蝟,wei4
蝠,fu2
蝡,ru2
蝣,you2
蝤,qiu2,you2
蝥,mao2
蝦,ha2,xia1
蝨,shi1
蝮,fu4
蝰,kui2
蝱,meng2
蝲,la4
蝴,hu2
蝶,die2
蝸,wo1
蝻,nan3
蝼,lou2
蝽,chun1
蝾,rong2
螀,jiang1
螂,lang2
螃,pang2
螄,si1
螅,xi1
螈,yuan2
螋,sou1
融,rong2
螓,qin2
螗,tang2
螘,yi3
螙,du4
螟,ming2
螠,yi4
螢,ying2
螣,te4,teng2
螨,man3
螫,shi4
螬,cao2
螭,chi1
螮,di4
螯,ao2
螳,tang2
螵,piao1
螺,luo2
螻,lou2
螽,zhong1
螾,yin3
螿,jiang1
蟀,shuai4
蟁,wen2
蟄,zhe2
蟆,ma2
蟇,ma2
蟈,guo1
蟊,mao2
蟋,xi1
蟎,man3
蟏,xiao1
蟑,zhang1
蟘,te4
蟛,peng2
蟠,pan2
蟢,xi3
蟣,ji3
蟥,huang2
蟪,hui4
蟫,yin2
蟬,chan2
蟮,shan4
蟯,nao2
蟲,chong2
蟶,cheng1
蟹,xie4
蟻,yi3
蟾,chan2
蟿,qi4
蠃,luo3
蠅,ying2
蠆,chai4
蠊,lian2
蠋,zhu2
蠍,xie1
蠎,mang3
蠏,xie4
蠐,qi2
蠑,rong2
蠓,meng3
蠔,hao2
蠕,ru2
蠖,huo4
蠙,pin2
蠚,he1
蠛,mie4
蠟,la4
蠡,li2,li3
蠢,chun3
蠣,li4
蠧,du4
蠨,xiao1
蠭,feng1
蠱,gu3
蠲,juan1
蠵,xi1
蠶,can2
蠹,du4
蠻,man2
蠼,qu2
血,xie3,xue4
衃,pei1
衄,nü4
衅,xin4
衆,zhong4
衇,mai4
衊,mie4
行,hang2,hang4,xing4,xing2
衍,yan3
衎,kan4
衏,yuan4
衒,xuan4
術,shu4
衔,xian2
衕,tong4
衖,xiang4
街,jie1
衙,ya2
衚,hu2
衛,wei4
衝,chong1,chong4
衞,wei4
衠,zhun1
衡,heng2
衢,qu2
衣,yi4,yi1
补,bu3
表,biao3
衩,cha3,cha4
衫,shan1
衬,chen4
衮,gun3
衰,cui1,shuai1
衲,na4
衷,zhong1
衹,zhi3
衽,ren4
衾,qin1
衿,jin1
袁,yuan2
袂,mei4
袄,ao3
袅,niao3
袆,hui1
袈,jia1
袋,dai4
袍,pao2
袎,yao4
袒,tan3
袖,xiu4
袗,zhen3
袜,wa4
袞,gun3
袠,zhi4
袢,pan4
袤,mao4
袪,qu1
被,bei4
袭,xi2
袯,bo2
袱,fu2
袴,ku4
袵,ren4
袷,jia2,jie2,qia1
袺,jie2
袼,ge1
裀,yin1
裁,cai2
裂,lie3,lie4
装,zhuang1
裆,dang1
裈,kun1
裉,ke4n
裋,shu4
裌,jia2
裎,cheng2,cheng3
裏,li3,li5
裒,pou2
裔,yi4
裕,yu4
裘,qiu2
裙,qu2n
補,bu3
裝,zhuang1
裟,sha1
裡,li3,li5
裢,lian2
裣,lian3
裤,ku4
裥,jian3
裨,bi4,pi2
裩,kun1
裯,chou2
裰,duo1
裱,biao3
裲,liang3
裳,chang2,shang5
裴,pei2
裸,luo3
裹,guo3
裼,ti4,xi1
製,zhi4
裾,ju1
褂,gua4
褃,ke4n
複,fu4
褊,bian3
褎,xiu4
褏,xiu4
褐,he4
褒,bao1
褓,bao3
褕,yu2
褘,hui1
褙,bei4
褚,chu3,zhu3
褛,lü3
褝,dan1
褟,ta1
褡,da1
褥,ru4
褦,nai4
褧,jiong3
褪,tui4,tun4
褫,chi3
褭,niao3
褯,jie4
褰,qian1
褴,lan2
褵,li2
褶,zhe3
褸,lü3
褻,xie4
襀,ji1
襁,qiang3
襃,bao1
襄,xiang1
襆,fu2
襌,dan1
襍,za2
襏,bo2
襕,lan2
襖,ao3
襜,chan1
襝,lian3
襞,bi4
襟,jin1
襠,dang1
襤,lan2
襦,ru2
襪,wa4
襫,shi4
襬,bai3
襭,xie2
襮,bo2
襯,chen4
襲,xi2
襵,zhe3
襶,dai4
襻,pan4
西,xi1
要,yao1,yao4
覂,feng3
覃,qin2,tan2
覅,fiao4
覆,fu4
覇,ba4
覈,he2
覊,ji1
見,jian4
覔,mi4
覗,si4
覙,luo2
覩,du3
親,qin1,qing4
覬,ji4
覰,qu1,qu4
覵,jian4
覺,jiao4,jue2
覻,qu1,qu4
覼,luo2
覽,lan3
覿,di2
觀,guan1,guan4
见,jian4,xian4
观,guan1,guan4
觃,yan4
规,gui1
觅,mi4
视,shi4
觇,chan1
览,lan3
觉,jiao4,jue2
觊,ji4
觋,xi2
觌,di2
觍,tian3
觎,yu2
觏,gou4
觐,jin4
觑,qu1,qu4
角,jiao3,jue2
觔,jin1
觕,cu1
觖,jue2
觚,gu1
觜,zi1,zui3
觝,di3
觞,shang1
解,jie3,jie4,xie4
觥,gong1
触,chu4
觧,jie3,jie4
觫,su4
觭,ji1
觯,zhi4
觱,bi4
觳,hu2
觴,shang1
觶,zhi4
觸,chu4
觺,yi2
觿,xi1
言,yan2
訄,qiu2
訇,hong1
訏,xu1
訑,yi2
託,tuo1
訚,yin2
訢,xin1
訦,chen2
訶,he1
訸,he2
註,zhu4
訾,zi1,zi3
詈,li4
詑,yi2
詝,zhu3
詟,zhe2
詠,yong3
詧,cha2
詹,zhan1
詾,xiong1
誇,kua1
誉,yu4
誊,teng2
誌,zhi4
認,ren4
誒,ei1,ei2,ei3,ei4
誓,shi4
誖,bei4
諐,qian1
諓,jian4
諔,chu4
論,lun2,lun4
諡,shi4
諮,zi1
諱,hui4
謄,teng2
謅,zhou1
謇,jian3
謌,ge1
謏,xiao3
講,jiang3
謦,qing4
謳,ou1
謷,ao2
謿,chao2
譁,hua2
譆,xi1
證,zheng4
譊,nao2
譌,e2
譍,ying1,ying4
譏,ji1
譔,zhuan4
識,shi2,zhi4
譞,xuan1
譟,zao4
警,jing3
譬,pi4
譭,hui3
譯,yi4
議,yi4
護,hu4
譸,zhou1
譽,yu4
譾,jian3
讀,dou4,du2
讁,zhe2
讅,shen3
變,bian4
讋,zhe2
讌,yan4
讎,chou2
讏,wei4
讐,chou2
讒,chan2
讓,rang4
讔,yin3
讙,huan1
讚,zan4
讛,yi4
讜,dang3
讞,yan4
讟,du2
计,ji4
订,ding4
讣,fu4
认,ren4
讥,ji1
讦,jie2
讧,hong4
讨,tao3
让,rang4
讪,shan4
讫,qi4
训,xun4
议,yi4
讯,xun4
记,ji4
讱,ren4
讲,jiang3
讳,hui4
讴,ou1
讵,ju4
讶,ya4
讷,ne4
许,xu3
讹,e2
论,lun2,lun4
讻,xiong1
讼,song4
讽,feng3
设,she4
访,fang3
诀,jue2
证,zheng4
诂,gu3
诃,he1
评,ping2
诅,zu3
识,shi2,zhi4
诇,xiong4
诈,zha4
诉,su4
诊,zhen3
诋,di3
诌,zhou1
词,ci2
诎,qu1
诏,zhao4
诐,bi4
译,yi4
诒,yi2
诓,kuang1
诔,lei3
试,shi4
诖,gua4
诗,shi1
诘,ji2,jie2
诙,hui1
诚,cheng2
诛,zhu1
诜,shen1
话,hua4
诞,dan4
诟,gou4
诠,quan2
诡,gui3
询,xun2
诣,yi4
诤,zheng1
该,gai1
详,xiang2
诧,cha4
诨,hun4
诩,xu3
诪,zhou1
诫,jie4
诬,wu1
语,yu3,yu4
诮,qiao4
误,wu4
诰,gao4
诱,you4
诲,hui4
诳,kuang2
说,shui4,shuo1,yue4
诵,song4
请,qing3
诸,zhu1
诹,zou1
诺,nuo4
读,dou4,du2
诼,zhuo2
诽,fei3
课,ke4
诿,wei3
谀,yu2
谁,shei2,shui2
谂,shen3
调,diao4,tiao2
谄,chan3
谅,liang4
谆,zhun1
谇,sui4
谈,tan2
谊,yi4
谋,mou2
谌,chen2
谍,die2
谎,huang3
谏,jian4
谐,xie2
谑,xue4
谒,ye4
谓,wei4
谔,e4
谕,yu4
谖,xuan1
谗,chan2
谙,an1
谚,yan4
谛,di4
谜,mei4,mi2
谝,pian3
谞,xu1
谟,mo2
谠,dang3
谡,su4
谢,xie4
谣,yao2
谤,bang4
谥,shi4
谦,qian1
谧,mi4
谨,jin3
谩,man2,man4
谪,zhe2
谫,jian3
谬,miu4
谭,tan2
谮,zen4
谯,qiao2,qiao4
谰,lan2
谱,pu3
谲,jue2
谳,yan4
谴,qian3
谵,zhan1
谶,chen4
谷,gu3,yu4
谿,xi1
豀,xi1
豁,hua2,huo1,huo4
豆,dou4
豇,jiang1
豈,qi3,kai3
豉,shi4
豌,wan1
豎,shu4
豐,feng1
豔,yan4
豕,shi3
豗,hui1
豘,tun2
豚,tun2
豝,ba1
象,xiang4
豢,huan4
豨,xi1
豪,hao2
豫,yu4
豬,zhu1
豮,fen2
豳,bin1
豸,zhi4
豹,bao4
豺,chai2
貂,diao1
貅,xiu1
貆,huan2
貉,hao2,he2
貊,mo4
貌,mao4
貐,yu3
貓,mao1,mao2
貔,pi2
貘,mo4
貛,huan1
貝,bei4
貤,yi2,yi4
貯,zhu4
買,mai3
賉,xu4
賓,bin1
賔,bin1
賙,zhou1
賚,lai4
賛,zan4
賢,xian2
賣,mai4
賤,jian4
賨,cong2
質,zhi4
賬,zhang4
賮,jin4
賸,sheng4
購,gou4
贄,zhi4
贉,dan4
贐,jin4
贑,gan4
贓,zang1
贖,shu2
贗,yan4
贜,zang1
贝,bei4
贞,zhen1
负,fu4
贡,gong4
财,cai2
责,ze2
贤,xian2
败,bai4
货,huo4
质,zhi4
贩,fan4
贪,tan1
贫,pin2
贬,bian3
购,gou4
贮,zhu4
贯,guan4
贰,er4
贱,jian4
贲,ben1,bi4
贳,shi4
贴,tie1
贵,gui4
贶,kuang4
贷,dai4
贸,mao4
费,fei4
贺,he4
贻,yi2
贼,zei2
贽,zhi4
贾,gu3,jia3
贿,hui4
赀,zi1
赁,lin4
赂,lu4
赃,zang1
资,zi1
赅,gai1
赆,jin4
赇,qiu2
赈,zhen4
赉,lai4
赊,she1
赋,fu4
赌,du3
赍,ji1
赎,shu2
赏,shang3
赐,ci4
赑,bi4
赓,geng1
赔,pei2
赕,dan3
赖,lai4
赗,feng4
赘,zhui4
赙,fu4
赚,zhuan4,zuan4
赛,sai4
赜,ze2
赝,yan4
赞,zan4
赟,yun1
赠,zeng4
赡,shan4
赢,ying2
赣,gan4
赤,chi4
赦,she4
赧,nan3
赪,cheng1
赫,he4
赭,zhe3
赯,tang2
走,zou3
赳,jiu1
赴,fu4
赵,zhao4
赶,gan3
起,qi3
赸,shan4
趁,chen4
趂,chen4
趄,ju1,qie4
超,chao1
越,yue4
趋,qu1
趑,zi1
趔,lie4
趕,gan3
趙,zhao4
趟,tang1,tang4
趣,cu4,qu4
趦,zi1
趨,qu1
趯,ti4
趱,zan3
足,zu2
趴,pa1
趵,bao4,bo1
趸,dun3
趺,fu1
趻,chen3
趼,jian3
趾,zhi3
趿,ta1
跀,yue4
跂,qi2,qi4
跃,yue4
跄,qiang1,qiang4
跅,tuo4
跋,ba2
跌,die1
跎,tuo2
跏,jia1
跐,ci1,ci3
跑,pao2,pao3
跔,ju1
跕,dian3,die1
跖,zhi2
跗,fu1
跚,shan1
跛,bo3
距,ju4
跞,li4,luo4
跟,gen1
跡,ji1
跢,duo4
跣,xian3
跤,jiao1
跥,duo4
跨,kua4
跩,zhuai3
跪,gui4
跫,qiong2
跬,kui3
路,lu4
跰,pian2
跲,jia2
跳,tiao4
跴,cai3
践,jian4
跷,qiao1
跸,bi4
跹,xian1
跺,duo4
跻,ji1
跼,ju2
跽,ji4
踅,xue2
踆,cun1
踉,liang2,liang4
踊,yong3
踌,chou2
踏,ta1,ta4
踐,jian4
踒,wo1
踔,chuo1
踖,ji2
踝,huai2
踞,ju4
踟,chi2
踡,quan2
踢,ti1
踣,bo2
踦,yi3
踧,cu4
踩,cai3
踪,zong1
踫,peng4
踬,zhi4
踮,dian3
踯,zhi2
踰,yu2
踱,duo4
踳,chuan3
踴,yong3
踵,zhong3
踶,di4
踸,chen3
踹,chuai4
踺,jian4
踽,ju3
蹀,die2
蹁,pian2
蹂,rou2
蹄,ti2
蹅,cha3
蹇,jian3
蹈,dao3
蹉,cuo1
蹊,qi1,xi1
蹋,ta4
蹌,qiang1,qiang4
蹍,nian3
蹏,ti2
蹐,ji2
蹑,nie4
蹒,pan2
蹔,zan4
蹕,bi4
蹙,cu4
蹚,tang1
蹜,su4
蹟,ji1
蹠,zhi2
蹡,qiang1,qiang4
蹢,di2,zhi2
蹣,pan2
蹤,zong1
蹦,beng4
蹩,bie2
蹬,deng1,deng4
蹭,ceng4
蹯,fan2
蹰,chu2
蹲,cun2,dun1
蹴,cu4,jiu5
蹵,cu4
蹶,jue2,jue3
蹷,jue2
蹺,qiao1
蹻,jue1,qiao1
蹼,pu3
蹽,liao1
蹾,dun1
蹿,cuan1
躁,zao4
躃,bi4
躄,bi4
躅,zhu2
躇,chu2
躈,qiao4
躉,dun3
躊,chou2
躋,ji1
躍,yue4
躏,lin4
躐,lie4
躑,zhi2
躒,li4,luo4
躓,zhi4
躔,chan2
躕,chu2
躗,wei4
躚,xian1
躜,zuan1
躞,xie4
躡,nie4
躥,cuan1
身,shen1
躬,gong1
躭,dan1
躯,qu1
躰,ti3
躱,duo3
躲,duo3
躳,gong1
躶,luo3
躺,tang3
軀,qu1
軃,duo3
車,che1,ju1
軏,yue4
軱,gu1
輀,er2
輋,she1
輓,wan3
輕,qing1
輗,ni2
輙,zhe2
輛,liang4
輨,guan3
輪,lun2
輭,ruan3
輴,chun1
輶,you2
轇,jiao1
轉,zhuai3,zhuan3,zhuan4
轎,jiao4
轕,ge2
轗,kan3
轘,huan2,huan4
轟,hong1
轢,li4
轤,lu2
车,che1,ju1
轧,ga2,ya4,zha2
轨,gui3
轩,xuan1
轪,dai4
轫,ren4
转,zhuai3,zhuan3,zhuan4
轭,e4
轮,lun2
软,ruan3
轰,hong1
轱,gu1
轲,ke1,ke3
轳,lu2
轴,zhou2,zhou4
轵,zhi3
轶,yi4
轷,hu1
轸,zhen3
轹,li4
轺,yao2
轻,qing1
轼,shi4
载,zai3,zai4
轾,zhi4
轿,jiao4
辀,zhou1
辁,quan2
辂,lu4
较,jiao4
辄,zhe2
辅,fu3
辆,liang4
辇,nian3
辈,bei4
辉,hui1
辊,gun3
辋,wang3
辌,liang2
辍,chuo4
辎,zi1
辏,cou4
辐,fu2
辑,ji2
辒,wen1
输,shu1
辔,pei4
辕,yuan2
辖,xia2
辗,nian3,zhan3
辘,lu4
辙,zhe2
辚,lin2
辛,xin1
辜,gu1
辞,ci2
辟,bi4,pi1,pi4
辠,zui4
辣,la4
辤,ci2
辦,ban4
辨,bian4
辩,bian4
辫,bian4
辭,ci2
辮,bian4
辯,bian4
辰,chen2
辱,ru3
農,nong2
辳,nong2
辴,chan3
辵,chuo4
边,bian1,bian5
辻,shi2
辽,liao2
达,da2
辿,chan1
迁,qian1
迂,yu1
迄,qi4
迅,xun4
迆,yi2,yi3
过,guo1,guo4
迈,mai4
迍,zhun1
迎,ying2
运,yun4
近,jin4
迒,hang2
迓,ya4
返,fan3
迕,wu4
还,hai2,huan2
这,zhe4,zhei4
进,jin4
远,yuan3
违,wei2
连,lian2
迟,chi2
迢,tiao2
迤,yi2,yi3
迥,jiong3
迦,jia1
迨,dai4
迩,er3
迪,di2
迫,pai3,po4
迭,die2
迮,ze2
迯,tao2
述,shu4
迴,hui2
迷,mi2
迸,beng4
迹,ji1
迺,nai3
迻,yi2
追,zhui1
退,tui4
送,song4
适,kuo4,shi4
逃,tao2
逄,pang2
逅,hou4
逆,ni4
选,xuan3
逊,xun4
逋,bu1
逍,xiao1
透,tou4
逐,zhu2
逑,qiu2
递,di4
途,tu2
逕,jing4
逖,ti4
逗,dou4
這,zhe4,zhei4
通,tong1,tong4
逛,guang4
逝,shi4
逞,cheng3
速,su4
造,zao4
逡,qu1n
逢,feng2
逦,li3
逩,ben4
逭,huan4
逮,dai3,dai4
逯,lu4
週,zhou1
進,jin4
逴,chuo1
逵,kui2
逶,wei1
逷,ti4
逸,yi4
逻,luo2
逼,bi1
逾,yu2
遁,dun4
遂,sui2,sui4
遄,chuan2
遆,ti2
遇,yu4
遊,you2
運,yun4
遍,bian4
過,guo1,guo4
遏,e4
遐,xia2
遑,huang2
遒,qiu2
道,dao4
達,da2
違,wei2
遗,wei4,yi2
遘,gou4
遛,liu2,liu4
遜,xun4
遝,ta4
遞,di4
遠,yuan3
遡,su4
遢,ta4
遣,qian3
遥,yao2
遨,ao2
適,shi4
遭,zao1
遮,zhe1
遯,dun4
遲,chi2
遴,lin2
遵,zun1
遷,qian1
選,xuan3
遹,yu4
遼,liao2
遽,ju4
避,bi4
邀,yao1
邁,mai4
邂,xie4
邃,sui4
還,hai2,huan2
邅,zhan1
邇,er3
邈,miao3
邊,bian1
邋,la1
邏,luo2
邐,li3
邑,yi4
邓,deng4
邕,yong1
邗,han2
邘,yu2
邙,mang2
邛,qiong2
邝,kuang4
邠,bin1
邡,fang1
邢,xing2
那,na1,na3,na4,nai3,ne4,nei3,nei4
邦,bang1
邨,cun1
邪,xie2,ye2
邬,wu1
邮,you2
邯,han2
邰,tai2
邱,qiu1
邲,bi4
邳,pi1
邴,bing3
邵,shao4
邶,bei4
邸,di3
邹,zou1
邺,ye4
邻,lin2
邽,gui1
邾,zhu1
郁,yu4
郃,he2
郄,qie4
郅,zhi4
郇,huan2,xun2
郈,hou4
郊,jiao1
郋,xi2
郎,lang2,lang4
郏,jia2
郐,kuai4
郑,zheng4
郓,yun4
郕,cheng2
郗,xi1
郚,wu2
郛,fu2
郜,gao4
郝,hao3
郟,jia2
郡,jun4
郢,ying3
郤,xi4
郦,li4
郧,yun2
部,bu4
郪,qi1
郫,pi2
郭,guo1
郯,tan2
郰,zou1
郳,ni2
郴,chen1
郵,you2
郸,dan1
都,dou1,du1
郾,yan3
郿,mei2
鄀,ruo4
鄂,e4
鄃,shu1
鄄,juan4
鄅,yu3
鄉,xiang1
鄌,tang2
鄏,ru3
鄒,zou1
鄔,wu1
鄗,hao4
鄘,yong1
鄙,bi3
鄚,mao4
鄜,fu1
鄞,yin2
鄠,hu4
鄢,yan1
鄣,zhang1
鄧,deng4
鄩,xun2
鄭,zheng4
鄯,shan4
鄰,lin2
鄱,po2
鄲,dan1
鄴,ye4
鄶,kuai4
鄹,zou1
鄺,kuang4
鄾,you1
酂,cuo2,zan4
酃,ling2
酆,feng1
酈,li4
酉,you3
酊,ding1,ding3
酋,qiu2
酌,zhuo2
配,pei4
酎,zhou4
酏,yi3
酐,gan1
酒,jiu3
酕,mao2
酖,zhen4
酗,xu4
酘,dou4
酚,fen1
酝,yun4
酞,tai4
酡,tuo2
酢,cu4,zuo4
酣,han1
酤,gu1
酥,su1
酦,fa1,po1
酧,chou2
酩,ming3
酪,lao4
酬,chou2
酮,tong2
酯,zhi3
酰,xian1
酱,jiang4
酲,cheng2
酴,tu2
酵,jiao4
酶,mei2
酷,ku4
酸,suan1
酹,lei4
酺,pu2
酽,yan4
酾,shai1,shi1
酿,niang2,niang4
醁,lu4
醃,yan1
醄,tao2
醅,pei1
醇,chun2
醉,zui4
醊,zhui4
醋,cu4
醌,kun1
醍,ti2
醐,hu2
醑,xu3
醒,xing3
醖,yun4
醚,mi2
醛,quan2
醜,chou3
醡,zha4
醢,hai3
醣,tang2
醨,li2
醪,lao2
醫,yi1
醬,jiang4
醭,bu2
醮,jiao4
醯,xi1
醰,tan2
醱,fa1,po1
醲,nong2
醴,li3
醵,ju4
醺,xun1
醻,chou2
醼,yan4
醽,ling2
醾,mi2
醿,mi2
釀,niang2,niang4
釁,xin4
釃,shai1,shi1
釄,mi2
釅,yan4
采,cai3,cai4
釉,you4
释,shi4
釋,shi4
里,li3,li5
重,chong2,zhong4
野,ye3
量,liang2,liang4
釐,li2,xi3
金,jin1
釜,fu3
釦,kou4
釬,han4
釭,gang1
釽,pi4
鈇,fu1
鈚,pi1
鈜,hong2
鉉,xuan4
鉋,bao4
鉏,chu2,ju3
鉤,gou1
鉥,shu4
鉧,mu3
鉨,xi3
鉴,jian4
鉷,hong2
銎,qiong2
銕,tie3
銗,xiang4
銮,luan2
銲,han4
銶,qiu2
鋆,yun2
鋈,wu4
鋋,chan2
鋏,jia2
鋜,zhuo2
鋬,pan4
鋹,chang3
鋼,gang1,gang4
錄,lu4
錍,pi1
錞,chun2,dui4
錢,qian2
錣,zhui4
錤,ji1
錧,guan3
錶,biao3
錸,lai2
錾,zan4
鍊,lian4
鍋,guo1
鍚,yang2
鍪,mou2
鍫,qiao1
鍼,zhen1
鍾,zhong1
鎋,xia2
鎌,lian2
鎏,liu2
鎒,nou4
鎔,rong2
鎗,qiang1
鎚,chui2
鎝,da1
鎢,wu1
鎣,ying2
鎧,kai3
鎩,sha1
鎯,lang2
鏁,suo3
鏇,xuan4
鏊,ao4
鏖,ao2
鏗,keng1
鏘,qiang1
鏚,qi1
鏟,chan3
鏤,lou4
鏦,cong1
鏵,hua2
鏺,po1
鏽,xiu4
鐃,nao2
鐄,huang2
鐋,tang1
鐍,jue2
鐒,lao2
鐘,zhong1
鐝,jue2
鐥,shan4
鐫,juan1
鐵,tie3
鐸,duo2
鐺,cheng1,dang1
鐻,ju4
鐾,bei4
鑄,zhu4
鑌,bin1
鑑,jian4
鑒,jian4
鑕,zhi4
鑛,kuang4
鑠,shuo4
鑢,lü4
鑤,bao4
鑪,lu2
鑫,xin1
鑰,yao4,yue4
鑷,nie4
鑹,cuan1
鑼,luo2
鑽,zuan1,zuan4
鑾,luan2
鑿,zao2,zuo4
钂,tang3
钆,ga2
钇,yi3
针,zhen1
钉,ding1,ding4
钊,zhao1
钋,po1
钌,liao3,liao4
钍,tu3
钎,qian1
钏,chuan4
钐,shan1,shan4
钒,fan2
钓,diao4
钔,men2
钕,nü3
钖,yang2
钗,chai1
钘,xing2
钙,gai4
钚,bu4
钛,tai4
钜,ju4
钝,dun4
钞,chao1
钟,zhong1
钠,na4
钡,bei4
钢,gang1,gang4
钣,ban3
钤,qian2
钥,yao4,yue4
钦,qin1
钧,jun1
钨,wu1
钩,gou1
钪,kang4
钫,fang1
钬,huo3
钭,tou3
钮,niu3
钯,ba3,pa2
钰,yu4
钱,qian2
钲,zheng1
钳,qian2
钴,gu3
钵,bo1
钷,po3
钹,bo2
钺,yue4
钻,zuan1,zuan4
钼,mu4
钽,tan3
钾,jia3
钿,dian4,tian2
铀,you2
铁,tie3
铂,bo2
铃,ling2
铄,shuo4
铅,qian1,yan2
铆,mao3
铈,shi4
铊,ta1,tuo2
铋,bi4
铌,ni2
铍,pi1,pi2
铎,duo2
铏,xing2
铐,kao4
铑,lao3
铒,er3
铓,mang2
铕,you3
铖,cheng2
铗,jia2
铘,ye2
铙,nao2
铚,zhi4
铛,cheng1,dang1
铜,tong2
铝,lü3
铞,diao4
铟,yin1
铠,kai3
铡,zha2
铢,zhu1
铣,xi3,xian3
铤,ding4,ting3
铥,diu1
铦,xian1
铧,hua2
铨,quan2
铩,sha1
铪,ha1
铫,diao4,yao2
铬,ge4
铭,ming2
铮,zheng1,zheng4
铯,se4
铰,jiao3
铱,yi1
铲,chan3
铳,chong4
铴,tang1
铵,an3
银,yin2
铷,ru2
铸,zhu4
铹,lao2
铺,pu1,pu4
铻,wu2,yu3
铼,lai2
铽,te4
链,lian4
铿,keng1
销,xiao1
锁,suo3
锂,li3
锃,zeng4
锄,chu2
锅,guo1
锆,gao4
锇,e2
锈,xiu4
锉,cuo4
锊,lüe4
锋,feng1
锌,xin1
锎,kai1
锏,jian3,jian4
锐,rui4
锑,ti1
锒,lang2
锓,qin3
锔,ju1,ju2
锕,a1
锖,qiang1
锗,zhe3
锘,nuo4
错,cuo4
锚,mao2
锛,ben1
锜,qi2
锝,de2
锞,ke4
锟,kun1
锡,xi1
锢,gu4
锣,luo2
锤,chui2
锥,zhui1
锦,jin3
锧,zhi4
锨,xian1
锩,juan3
锪,huo1
锫,pei2
锬,tan2,xian1
锭,ding4
键,jian4
锯,ju1,ju4
锰,meng3
锱,zi1
锲,qie4
锳,ying1
锴,kai3
锵,qiang1
锶,si1
锷,e4
锸,cha1
锹,qiao1
锻,duan4
锼,sou1
锽,huang2
锾,huan2
锿,ai1
镀,du4
镁,mei3
镂,lou4
镃,zi1
镄,fei4
镅,mei2
镆,mo4
镇,zhen4
镈,bo2
镉,ge2
镊,nie4
镋,tang3
镌,juan1
镍,nie4
镎,na2
镏,liu2,liu4
镐,gao3,hao4
镑,bang4
镒,yi4
镓,jia1
镔,bin1
镖,biao1
镗,tang1,tang2
镘,man4
镚,beng4
镛,yong1
镜,jing4
镝,di1,di2
镞,zu2
镠,liu2
镡,chan2,tan2,xin2
镣,liao4
镤,pu2
镥,lu3
镦,dui4,dun1
镧,lan2
镨,pu3
镩,cuan1
镪,qiang1,qiang3
镫,deng4
镬,huo4
镭,lei2
镯,zhuo2
镰,lian2
镱,yi4
镲,cha3
镳,biao1
镴,la4
镵,chan2
镶,xiang1
長,chang2,zhang3
长,chang2,zhang3
門,men2
閆,yan2
開,kai1
閒,jian1,jian4,xian2
閟,bi4
関,guan1
閤,ge2,he2
闆,ban3
闇,an4
闈,wei2
闉,yin1
闓,kai3
闚,kui1
關,guan1
闝,piao2
闡,chan3
闢,pi1,pi4
闥,ta4
门,men2
闩,shuan1
闪,shan3
闬,han4
闭,bi4
问,wen4
闯,chuang3
闰,run4
闱,wei2
闲,xian2
闳,hong2
间,jian1,jian4
闵,min3
闶,kang1,kang4
闷,men1,men4
闸,zha2
闹,nao4
闺,gui1
闻,wen2
闼,ta4
闽,min3
闾,lü2
闿,kai3
阀,fa2
阁,ge2
阂,he2
阃,kun3
阄,jiu1
阅,yue4
阆,lang2,lang4
阇,du1,she2
阈,yu4
阉,yan1
阊,chang1
阋,xi4
阌,wen2
阍,hun1
阎,yan2
阏,e4,yan1
阐,chan3
阑,lan2
阒,qu4
阓,hui4
阔,kuo4
阕,que4
阖,he2
阗,tian2
阘,da2,ta4
阙,que1,que4
阚,han3,kan4
阛,huan2
阜,fu4
队,dui4
阡,qian1
阢,wu4
阧,dou3
阨,e4
阪,ban3
阬,keng1
阮,ruan3
阯,zhi3
阱,jing3
防,fang2
阳,yang2
阴,yin1
阵,zhen4
阶,jie1
阻,zu3
阼,zuo4
阽,dian4,yan2
阿,a1,a5,e1
陀,tuo2
陁,tuo2
陂,bei1,pi2,po1
附,fu4
际,ji4
陆,liu4,lu4
陇,long3
陈,chen2
陉,xing2
陋,lou4
陌,mo4
降,jiang4,xiang2
限,xian4
陒,gui3
陔,gai1
陕,shan3
陗,qiao4
陘,xing2
陛,bi4
陝,shan3
陞,sheng1
陟,zhi4
陡,dou3
院,yuan4
除,chu2
陧,nie4
陨,yun3
险,xian3
陪,pei2
陬,zou1
陰,yin1
陲,chui2
陳,chen2,zhen4
陴,pi2
陵,ling2
陶,tao2,yao2
陷,xian4
陸,liu4,lu4
陽,yang2
陿,xia2
隂,yin1
隄,di1
隅,yu2
隆,long1,long2
隈,wei1
隉,nie4
隊,dui4
隋,sui2
隍,huang2
階,jie1
随,sui2
隐,yin3
隑,gai4
隔,ge2
隖,wu4
隗,kui2,wei3
隘,ai4
隙,xi4
際,ji4
障,zhang4
隞,ao2
隟,xi4
隣,lin2
隤,tui2
隦,jiao3
隧,sui4
隨,sui2
隩,ao4,yu4
險,xian3
隰,xi2
隱,yin3
隳,hui1
隴,long3
隶,li4
隷,li4
隸,li4
隹,zhui1
隻,zhi1
隼,sun3
隽,juan4,jun4
难,nan2,nan4
雀,qiao1,qiao3,que4
雁,yan4
雄,xiong2
雅,ya1,ya3
集,ji2
雇,gu4
雉,zhi4
雋,juan4,jun4
雌,ci2
雍,yong1
雎,ju1
雏,chu2
雒,luo4
雕,diao1
雖,sui1
雙,shuang1
雛,chu2
雜,za2
雝,yong1
雞,ji1
雠,chou2
離,li2
難,nan2,nan4
雨,yu3,yu4
雩,yu2
雪,xue3
雯,wen2
雰,fen1
雱,pang1
雲,yun2
雳,li4
零,ling2
雷,lei2
雹,bao2
電,dian4
雾,wu4
需,xu1
霁,ji4
霂,mu4
霄,xiao1
霅,zha4
霆,ting2
震,zhen4
霈,pei4
霉,mei2
霍,huo4
霎,sha4
霏,fei1
霑,zhan1
霓,ni2
霖,lin2
霙,ying1
霛,ling2
霜,shuang1
霞,xia2
霡,mai4
霢,mai4
霤,liu4
霧,wu4
霨,wei4
霪,yin2
霫,xi2
霭,ai3
霰,san3,xian4
露,lou4,lu4
霶,pang1
霸,ba4
霹,pi1
霽,ji4
霾,mai2
靂,li4
靆,dai4
靈,ling2
靉,ai4
青,qing1
靓,jing4,liang4
靖,jing4
静,jing4
靛,dian4
靜,jing4
非,fei1
靠,kao4
靡,mi2,mi3
面,mian4
靣,mian4
靥,ye4
靧,hui4
靨,ye4
革,ge2,ji2
靪,ding1
靬,qian2
靭,ren4
靰,wu4
靳,jin4
靴,xue1
靶,ba3
靷,yin3
靸,sa3,ta1
靺,mo4
靼,da2
靽,ban4
靿,yao4
鞀,tao2
鞁,bei4
鞅,yang1,yang4
鞉,tao2
鞋,xie2
鞌,an1
鞍,an1
鞏,gong3
鞑,da2
鞒,qiao2
鞓,ting1
鞔,man2
鞘,qiao4,shao1
鞚,kong4
鞛,beng3
鞝,shang4
鞞,bing3
鞟,kuo4
鞠,ju1
鞡,la5
鞣,rou2
鞥,eng1
鞦,qiu1
鞧,qiu1
鞨,he2
鞫,ju1
鞬,jian1
鞭,bian1
鞯,jian1
鞲,gou1
鞴,bei4
鞵,xie2
鞶,pan2
鞹,kuo4
鞽,qiao2
鞾,xue1
鞿,ji1
韁,jiang1
韂,chan4
韃,da2
韆,qian1
韉,jian1
韋,wei2
韌,ren4
韍,fu2
韓,han2
韔,chang4
韙,wei3
韛,bai4
韜,tao1
韞,yun4
韡,wei3
韤,wa4
韦,wei2
韧,ren4
韨,fu2
韩,han2
韪,wei3
韫,yun4
韬,tao1
韭,jiu3
韮,jiu3
音,yin1
韵,yun4
韶,shao2
韻,yun4
響,xiang3
頁,ye4
頔,di2
頞,e4
頠,wei3
頫,fu3
頭,tou2,tou5
頰,jia2
頸,geng3,jing3
顇,cui4
顋,sai1
顑,kan3
顖,xin4
顗,yi3
願,yuan4
類,lei4
顢,man2
顦,qiao2
顧,gu4
顯,xian3
顱,lu2
顳,nie4
页,ye4
顶,ding3
顷,qing3
顸,han1
项,xiang4
顺,shun4
须,xu1
顼,xu1
顽,wan2
顾,gu4
顿,du2,dun4
颀,qi2
颁,ban1
颂,song4
颃,hang2
预,yu4
颅,lu2
领,ling3
颇,po1
颈,geng3,jing3
颉,jie2,xie2
颊,jia2
颋,ting3
颌,ge2,he2
颍,ying3
颎,jiong3
颏,ke1,ke2
颐,yi2
频,pin2
颓,tui2
颔,han4
颖,ying3
颗,ke1
题,ti2
颙,yong2
颚,e4
颛,zhuan1
颜,yan2
额,e2
颞,nie4
颟,man1
颠,dian1
颡,sang3
颢,hao4
颣,lei4
颤,chan4,zhan4
颥,ru2
颦,pin2
颧,quan2
風,feng1,feng3
颱,tai2
颳,gua1
颺,yang2
颿,fan1
飃,piao1
飇,biao1
飈,biao1
风,feng1
飏,yang2
飐,zhan3
飑,biao1
飒,sa4
飓,ju4
飔,si1
飕,sou1
飖,yao2
飗,liu2
飘,piao1
飙,biao1
飛,fei1
飞,fei1
食,shi2,si4,yi4
飡,can1
飤,si4
飦,zhan1
飧,sun1
飨,xiang3
飱,sun1
餁,ren4
餂,tian3
餈,ci2
養,yang3
餍,yan4
餐,can1
餔,bu4
餗,su4
餘,yu2
餚,yao2
餞,jian4
餦,zhang1
餧,wei4
餬,hu2
餮,tie4
餱,hou2
餳,tang2,xing2
餵,wei4
餹,tang2
餻,gao1
餼,xi4
餽,kui4
饆,bi4
饍,shan4
饐,yi4
饑,ji1
饒,rao2
饔,yong1
饕,tao1
饗,xiang3
饘,zhan1
饜,yan4
饝,mo2
饞,chan2
饠,luo2
饤,ding4
饥,ji1
饦,tuo1
饧,tang2,xing2
饨,tun2
饩,xi4
饪,ren4
饫,yu4
饬,chi4
饭,fan4
饮,yin3,yin4
饯,jian4
饰,shi4
饱,bao3
饲,si4
饳,duo4
饴,yi2
饵,er3
饶,rao2
饷,xiang3
饸,he2
饹,le5
饺,jiao3
饻,xi1
饼,bing3
饽,bo1
饾,dou4
饿,e4
馀,yu2
馁,nei3
馂,jun4
馃,guo3
馄,hun2
馅,xian4
馆,guan3
馇,cha1
馈,kui4
馉,gu3
馊,sou1
馋,chan2
馌,ye4
馍,mo2
馎,bo2
馏,liu2,liu4
馐,xiu1
馑,jin3
馒,man2
馓,san3
馔,zhuan4
馕,nang2,nang3
首,shou3
馗,kui2
馘,guo2
香,xiang1
馥,fu4
馨,xin1
馬,ma3
駃,jue2
駉,jiong1
駜,bi4
駞,tuo2
駪,shen1
駮,bo2
騃,ai2
騄,lu4
騌,zong1
騐,yan4
騑,fei1
騗,pian4
騞,huo1
騠,ti2
騣,zong1
騧,gua1
騲,cao3
騶,zou1
騻,shuang1
驂,can1
驅,qu1
驊,hua2
驌,su4
驍,xiao1
驐,dun1
驕,jiao1
驗,yan4
驘,luo2
驚,jing1
驛,yi4
驢,lü2
驩,huan1
驪,li2
马,ma3
驭,yu4
驮,duo4,tuo2
驯,xun2
驰,chi2
驱,qu1
驲,ri4
驳,bo2
驴,lü2
驵,zang3
驶,shi3
驷,si4
驸,fu4
驹,ju1
驺,zou1
驻,zhu4
驼,tuo2
驽,nu2
驾,jia4
驿,yi4
骀,dai4,tai2
骁,xiao1
骂,ma4
骃,yin1
骄,jiao1
骅,hua2
骆,luo4
骇,hai4
骈,pian2
骊,li2
骋,cheng3
验,yan4
骍,xing1
骎,qin1
骏,jun4
骐,qi2
骑,qi2
骒,ke4
骓,zhui1
骕,su4
骖,can1
骗,pian4
骘,zhi4
骙,kui2
骚,sao1
骛,wu4
骜,ao4
骝,liu2
骞,qian1
骟,shan4
骠,biao1,piao4
骡,luo2
骢,cong1
骣,chan3
骤,zhou4
骥,ji4
骦,shuang1
骧,xiang1
骨,gu1,gu2,gu3
骫,wei3
骭,gan4
骯,ang1
骰,tou2
骱,jie4
骶,di3
骷,ku1
骸,hai2
骺,hou2
骼,ge2
骾,geng3
髀,bi4
髁,ke1
髂,qia4
髃,yu2
髅,lou2
髆,bo2
髈,bang3,pang3
髋,kuan1
髌,bin4
髎,liao2
髏,lou2
髑,du2
髒,zang1
髓,sui3
體,ti1,ti3
髕,bin4
髖,kuan1
高,gao1
髠,kun1
髡,kun1
髢,di2
髣,fang3
髤,xiu1
髥,ran2
髦,mao2
髧,dan4
髩,bin4
髫,tiao2
髭,zi1
髮,fa4,fa3
髯,ran2
髲,bi4
髳,mao2
髴,fu2
髹,xiu1
髻,ji4
髽,zhua1
鬁,li4
鬃,zong1
鬅,peng2
鬆,song1
鬇,zheng1
鬈,quan2
鬋,jian3
鬌,tuo3
鬍,hu2
鬎,la4
鬏,jiu1
鬐,qi2
鬑,lian2
鬒,zhen3
鬓,bin4
鬘,man2
鬚,xu1
鬟,huan2
鬡,ning2
鬢,bin4
鬣,lie4
鬥,dou4
鬦,dou4
鬧,nao4
鬨,hong4
鬩,xi4
鬬,dou4
鬭,dou4
鬮,jiu1
鬯,chang4
鬱,yu4
鬲,ge2,li4
鬴,fu3
鬶,gui1
鬻,yu4
鬼,gui3
魁,kui2
魂,hun2
魃,ba2
魄,bo2,po4,tuo4
魅,mei4
魆,xu1
魇,yan3
魈,xiao1
魉,liang3
魊,yu4
魌,qi1
魍,wang3
魎,liang3
魏,wei4
魑,chi1
魔,mo2
魘,yan3
魚,yu2
魟,hong2
鮄,fu2
鮆,ci3
鮈,ju1
鮌,gun3
鮠,wei2
鮡,zhao4
鮨,yi4
鮷,ti2
鯈,tiao2
鯗,xiang3
鯰,nian2
鯾,bian1
鰌,qiu1
鰕,xia1
鰣,shi2
鰤,shi1
鰶,ji4
鰷,tiao2
鰹,jian1
鰺,shen1
鱂,jiang1
鱍,bo1
鱏,xun2
鱓,shan4
鱘,xun2
鱚,xi3
鱟,hou4
鱠,kuai4
鱥,gui4
鱭,ji4
鱮,xu4
鱲,lie4
鱵,zhen1
鱷,e4
鱸,lu2
鱺,li2
鱼,yu2
鱽,dao1
鱾,ji3
鱿,you2
鲀,tun2
鲁,lu3
鲂,fang2
鲃,ba1
鲅,ba4,bo1
鲆,ping2
鲇,nian2
鲈,lu2
鲉,you2
鲊,zha3
鲋,fu4
鲌,ba4,bo2
鲍,bao4
鲎,hou4
鲏,pi2
鲐,tai2
鲑,gui1,xie2
鲒,jie2
鲔,wei3
鲕,er2
鲖,tong2
鲗,zei2
鲘,hou4
鲙,kuai4
鲚,ji4
鲛,jiao1
鲜,xian1,xian3
鲝,zha3
鲞,xiang3
鲟,xun2
鲠,geng3
鲡,li2
鲢,lian2
鲣,jian1
鲤,li3
鲥,shi2
鲦,tiao2
鲧,gun3
鲨,sha1
鲩,huan4
鲪,jun1
鲫,ji4
鲬,yong3
鲭,qing1,zheng1
鲮,ling2
鲯,qi2
鲰,zou1
鲱,fei1
鲲,kun1
鲳,chang1
鲴,gu4
鲵,ni2
鲷,diao1
鲸,jing1
鲹,shen1
鲺,shi1
鲻,zi1
鲼,fen4
鲽,die2
鲾,bi1
鳀,ti2
鳁,wen1
鳂,wei1
鳃,sai1
鳄,e4
鳅,qiu1
鳆,fu4
鳇,huang2
鳈,quan2
鳉,jiang1
鳊,bian1
鳌,ao2
鳍,qi2
鳎,ta3
鳏,guan1
鳐,yao2
鳑,pang2
鳒,jian1
鳓,le4
鳔,biao4
鳕,xue3
鳖,bie1
鳗,man2
鳘,min3
鳙,yong1
鳚,wei4
鳛,xi2
鳜,gui4
鳝,shan4
鳞,lin2
鳟,zun1
鳠,hu4
鳡,gan3
鳢,li3
鳣,zhan1
鳤,guan3
鳥,diao3,niao3
鳧,fu2
鳳,feng4
鴂,jue2
鴃,jue2
鴈,yan4
鴥,yu4
鴳,yan4
鵏,bu3
鵞,e2
鵟,kuang2
鵩,fu2
鵰,diao1
鵶,ya1
鶂,yi4
鶃,yi4
鶇,dong1
鶒,chi4
鶗,ti2
鶤,kun1
鶬,cang1
鶯,ying1
鶱,xian1
鶵,chu2
鷃,yan4
鷄,ji1
鷇,kou4
鷉,ti1
鷗,ou1
鷙,zhi4
鷞,shuang1
鷟,zhuo2
鷥,si1
鷫,su4
鷭,fan2
鷰,yan4
鷳,xian2
鸎,ying1
鸑,yue4
鸕,lu2
鸜,qu2
鸝,li2
鸞,luan2
鸟,diao3,niao3
鸠,jiu1
鸡,ji1
鸢,yuan1
鸣,ming2
鸤,shi1
鸥,ou1
鸦,ya1
鸧,cang1
鸨,bao3
鸩,zhen4
鸪,gu1
鸫,dong1
鸬,lu2
鸭,ya1
鸮,xiao1
鸯,yang1
鸰,ling2
鸱,chi1
鸲,qu2
鸳,yuan1
鸵,tuo2
鸶,si1
鸷,zhi4
鸸,er2
鸹,gua1
鸺,xiu1
鸻,heng2
鸼,zhou1
鸽,ge1
鸾,luan2
鸿,hong2
鹀,wu2
鹁,bo2
鹂,li2
鹃,juan1
鹄,gu3,hu2
鹅,e2
鹆,yu4
鹇,xian2
鹈,ti2
鹉,wu3
鹊,que4
鹋,miao2
鹌,an1
鹍,kun1
鹎,bei1
鹏,peng2
鹐,qian1
鹑,chun2
鹒,geng1
鹓,yuan1
鹔,su4
鹕,hu2
鹖,he2
鹗,e4
鹘,gu3,hu2
鹙,qiu1
鹚,ci2
鹛,mei2
鹜,wu4
鹝,yi4
鹞,yao4
鹟,weng1
鹠,liu2
鹡,ji2
鹢,yi4
鹣,jian1
鹤,he4
鹥,yi1
鹦,ying1
鹧,zhe4
鹨,liu4
鹩,liao2
鹪,jiao1
鹫,jiu4
鹬,yu4
鹭,lu4
鹮,huan2
鹯,zhan1
鹰,ying1
鹱,hu4
鹲,meng2
鹳,guan4
鹴,shuang1
鹵,lu3
鹹,xian2
鹺,cuo2
鹻,jian3
鹼,jian3
鹽,yan2
鹾,cuo2
鹿,lu4
麀,you1
麁,cu1
麂,ji3
麅,pao2
麇,jun1,qu2n
麈,zhu3
麋,mi2
麐,lin2
麑,ni2
麒,qi2
麓,lu4
麕,jun1,qu2n
麖,jing1
麗,li2,li4
麝,she4
麞,zhang1
麟,lin2
麤,cu1
麥,mai4
麦,mai4
麪,mian4
麯,qu1
麰,mou2
麵,mian4
麸,fu1
麹,qu1
麻,ma1,ma2
麽,me5,mo2
麾,hui1
黁,nun2
黄,huang2
黇,tian1
黉,hong2
黌,hong2
黍,shu3
黎,li2
黏,nian2
黑,hei1
黔,qian2
黕,dan3
默,mo4
黛,dai4
黜,chu4
黝,you3
點,dian3
黟,yi1
黠,xia2
黡,yan3
黢,qu1
黥,qing2
黦,yue4
黧,li2
黨,dang3
黩,du2
黪,can3
黯,an4
黰,zhen3
黱,dai4
黲,can3
黴,mei2
黵,zhan3
黶,yan3
黷,du2
黹,zhi3
黻,fu2
黼,fu3
黽,mian3,min3
黾,mian3,min3
黿,yuan2
鼂,chao2
鼃,wa1
鼇,ao2
鼈,bie1
鼉,tuo2
鼋,yuan2
鼍,tuo2
鼎,ding3
鼐,nai4
鼒,zi1
鼓,gu3
鼕,dong1
鼗,tao2
鼙,pi2
鼟,teng1
鼠,shu3
鼢,fen2
鼥,ba2
鼦,diao1
鼧,tuo2
鼩,qu2
鼫,shi2
鼬,you4
鼯,wu2
鼱,jing1
鼴,yan3
鼷,xi1
鼹,yan3
鼻,bi2
鼽,qiu2
鼾,han1
齁,hou1
齆,weng4
齇,zha1
齉,nang4
齊,ji4,qi2,zhai1
齋,zhai1
齎,ji1
齏,ji1
齐,ji4,qi2
齑,ji1
齒,chi3
齘,xie4
齚,ze2
齣,chu1
齧,nie4
齩,yao3
齮,yi3
齰,ze2
齶,e4
齼,chu3
齿,chi3
龀,chen4
龁,he2
龂,yin2
龃,ju3
龄,ling2
龅,bao1
龆,tiao2
龇,zi1
龈,ke3n,yin2
龉,yu3
龊,chuo4
龋,qu3
龌,wo4
龍,long2
龐,pang2
龑,yan3
龔,gong1
龕,kan1
龙,long2
龚,gong1
龛,kan1
龜,gui1,jun1,qiu1
龝,qiu1
龟,gui1,jun1,qiu1
龠,yue4
龢,he2
鿃,shan3
𠈁,tuo1
𠉂,ta4
𠊟,min3
𠋆,chen4
𠜋,chou3
𠞭,lou2
𠩄,suo3
𠭯,zha1
𠮾,ǹ,ǹg
𠯪,dai1
𠲎,fa5
𠴂,nu3
𠷿,za3
𠺖,mu3,ying1
𠼟,lüe4
𡌣,zao4
𡌴,zhi2
𡍷,geng4
𡒄,lan3
𡰪,du1
𡸃,xian3
𡻕,sui4
𢀖,jing1
𢌚,chan1
𢙐,nao2
𢥞,chong1
𢫓,nu3
𢫬,sa4,sha1
𢳀,ma1
𢳟,tong3
𢶀,zhuai4
𢸳,xiao1
𢹲,jun4
𢾅,du4
𣄊,yu2
𣇇,dan4
𣈶,geng4
𣎴,dun3
𣔙,xian1
𣘛,dou1
𣟄,tuo4
𣟴,shuan1
𣪕,gui3
𣭡,xian3
𣭲,rong3
𣰇,rong3
𣰋,qu2
𣲗,wei2
𣲘,wu3
𣴓,jian4
𣸣,fen2
𤍐,tui4
𤏶,ao1
𤛘,mang1
𤜱,ba1
𤝽,lü4
𤞤,xian3
𤞶,han1
𤩽,huan2
𤭛,gang1
𤭢,ce4i5
𤰙,ke1
𤰚,la1
𤱝,tuan3
𤳈,shang1
𤴛,zhi4
𤵐,wu4
𥁢,qiao2
𥄨,chou3
𥅻,chong4
𥇢,zhan3
𥎊,qin2
𥐻,nao2
𥑪,nao2
𥔲,e4
𥕢,cao2
𥕦,gun3
𥘌,ji1
𥛱,beng1
𥞛,duo4
𥥷,dou4
𥬞,nie4
𥬠,chou1
𥬯,kao3
𥮜,mi2
𥮾,can3,zan1
𥱼,pai2
𥷑,bi4
𥻗,cha2
𥿝,dai4
𦈡,xu1
𦊑,liu3
𦊱,gua4
𦌊,su4
𦍩,gu3
𦐌,hong2
𦔩,biao1
𦕓,xu4
𦞦,huo4
𦨭,pi2
𦪙,ta4
𦰏,diao4
𧄜,rui3
𧉓,du4
𧏾,ni4
𧟄,rang2
𧦧,yi2
𧰵,du1
𧴪,suo3
𧹞,nan3
𨂿,wai3
𨄮,shuai1
𨉣,ha1
𨎪,er2
𨓈,kuo4
𨙻,na4
𨚗,na4
𨟠,quan1
𨭛,la4
𨼣,ge2
𩉜,ji1
𩜇,juan3
𩞁,mo2
𩮜,ti4
𩽾,an1
𩾃,mian3
𩾌,kang1
𩿿,chu2
𪁏,chen2
𪍑,chao3
𪎊,chao3
𪎭,mei2
𪡏,zhan1
𪢮,luan2
𪨗,jue1
𪻐,cong1
𫄨,chi1
𫌀,ji1
𫌨,luo2
𫏋,jue1,qiao1
𫐄,yue4
𫐓,rou2
𫓩,cong1
𫔎,jue2
𫗠,zhang1
𫗦,bu4
𫗧,su4
𫗮,huang2
𫘤,ai2
𫚈,xu4
𫚉,hong2
𫚒,fu2
𫚕,shi1
𫛞,jue2
𫛶,chi4
𫛸,ti2
𬓼,tui2
𬤥,zhuan4
𬯎,tui2
𬸣,xian1
账,zhang4
浏,liu2
啰,luo1,luo2
勻,yun2
內,nei4
戶,hu4
呂,lü3
兌,dui4
別,bie2,bie4
貞,zhen1
則,ze2
員,yuan2,yun2,yun4
約,yao1,yue1
軍,jun1
囪,cong1
責,ze2
頃,qing3
產,chan3
麼,ma5,me5,mo2
鉅,ju4
計,ji4
訂,ding4
軋,ga2,ya4,zha2
們,men5
飢,ji1
馮,feng2,ping2
閃,shan3
討,tao3
訓,xun4
訊,xun4
記,ji4
糾,jiu1
樸,piao2,po1,po4,pu3
軌,gui3
麴,qu1
嗎,ma2,ma3,ma5
歲,sui4
負,fu4
閉,bi4
問,wen4
闖,chuang3
併,bing1,bing4
訝,ya4
許,xu3
訛,e2
訟,song4
諷,feng3
設,she4
訪,fang3
訣,jue2
陣,zhen4
媽,ma1
紅,gong1,hong2
馱,duo4,tuo2
馴,xun2
級,ji2
紀,ji3,ji4
馳,chi2
紉,ren4
瑪,ma3
撫,fu3
貢,gong4
連,lian2
軒,xuan1
吶,na4,na5,ne4,ne5
財,cai2
針,zhen1
釘,ding1,ding4
禿,tu1
俬,si1
狽,bei4
飯,fan4
飲,yin3,yin4
庫,ku4
閏,run4
閑,xian2
間,jian1,jian4
悶,men1,men4
沒,mei2,mo4
証,zheng4
評,ping2
詐,zha4
訴,su4
診,zhen3
詞,ci2
純,chun2
紗,sha1
納,na4
駁,bo2
紛,fen1
紙,zhi3
紋,wen2,wen4
紡,fang3
紐,niu3
現,xian4
規,gui1
頂,ding3
楓,feng1
碼,ma3
斬,zhan3
軟,ruan3
鳴,ming2
敗,bai4
販,fan4
貶,bian3
釣,diao4
偵,zhen1
侶,lü3
側,ce4,ze4,zhai1
貨,huo4
剎,cha4,sha1
覓,mi4
貪,tan1
貧,pin2
飾,shi4
飽,bao3
飼,si4
閘,zha2
試,shi4
詩,shi1
誠,cheng2
視,shi4
話,hua4
誕,dan4
詭,gui3
詢,xun2
該,gai1
詳,xiang2
駕,jia4
叄,san1
蔘,can1,cen1,shen1
線,xian4
組,zu3
紳,shen1
細,xi4
駛,shi3
駒,ju1
終,zhong1
駐,zhu4
絆,ban4
駝,tuo2
紹,shao4
貫,guan4
貳,er4
項,xiang4
掙,zheng1,zheng4
揮,hui1
荊,jing1
葷,hun1,xun1
葯,yao4
硯,yan4
軸,zhou2,zhou4
鴉,ya1
貴,gui4
螞,ma1,ma3,ma4
勛,xun1
喲,yo1,yo5
罰,fa2
貼,tie1
貽,yi2
鈣,gai4
鈍,dun4
鈔,chao1
鈡,zhong1
鈉,na4
鈅,yao4,yue4
欽,qin1
鈞,jun1
鈕,niu3
貸,dai4
順,shun4
須,xu1
猙,zheng1
貿,mao4
餌,er3
蝕,shi2
餃,jiao3
餅,bing3
獎,jiang3
瘋,feng1
閨,gui1
聞,wen2
閩,min3
閥,fa2
閣,ge2
測,ce4
渾,hun2
宮,gong1
誡,jie4
誣,wu1
語,yu3,yu4
誤,wu4
誘,you4
誨,hui4
說,shui4,shuo1,yue4
誦,song4
費,fei4
隕,yun3
賀,he4
綁,bang3
絨,rong2
結,jie1,jie2
給,gei3,ji3
絢,xuan4
駱,luo4
絡,lao4,luo4
絕,jue2
絞,jiao3
駭,hai4
統,tong3
頑,wan2
載,zai3,zai4
損,sun3
換,huan4
蓮,lian2
賈,gu3,jia3
較,jiao4
頓,du2,dun4
鴨,ya1
暈,yun1,yun4
鴦,yang1
喚,huan4
圓,yuan2
賊,zei2
賄,hui4
賂,lu4
鉗,qian2
鉆,zuan1,zuan4
鉀,jia3
鈴,ling2
鉛,qian1,yan2
債,zhai4
傾,qing1
賃,lin4
頒,ban1
頌,song4
鴕,tuo2
鴛,yuan1
餓,e4
餒,nei3
資,zi1
閱,yue4
煩,fan2
渙,huan4
潤,run4
澗,jian4
憫,min3
悅,yue4
寬,kuan1
請,qing3
諸,zhu1
諾,nuo4
誹,fei3
課,ke4
誰,shei2,shui2
調,diao4,tiao2
諒,liang4
諄,zhun1
談,tan2
誼,yi4
剝,bao1,bo1
娛,yu2
預,yu4
絹,juan4
駿,jun4
瑣,suo3
黃,huang2
醞,yun4
碩,shuo4
輔,fu3
虛,xu1
睜,zheng1
嶄,zhan3
嬰,ying1
銬,kao4
鋁,lü3
銅,tong2
銘,ming2
銀,yin2
銜,xian2
鴿,ge1
領,ling3
脫,tuo1
餡,xian4
館,guan3
盜,dao4
閻,yan2
煥,huan4
鴻,hong2
漸,jian1,jian4
漁,yu2
慚,can2
慣,guan4
謀,mou2
諜,die2
謊,huang3
諧,xie2
謂,wei4
諺,yan4
謎,mei4,mi2
頗,po1
績,ji1
緒,xu4
騎,qi2
綽,chao1,chuo4
維,wei2
綿,mian2
綳,beng1,beng3,beng4
綢,chou2
綜,zeng4,zong1
綻,zhan4
綠,lu4,lü4
綴,zhui4
擱,ge1,ge2
暫,zan4
輩,bei4
輝,hui1
賞,shang3
噴,pen1,pen4
遺,wei4,yi2
鵑,juan1
賦,fu4
賭,du3
賜,ci4
賠,pei2
鋪,pu1,pu4
鏈,lian4
銷,xiao1
鎖,suo3
鋤,chu2
鋒,feng1
鋅,xin1
銳,rui4
鵝,e2
稅,shui4
箏,zheng1
儲,chu3
粵,yue4
奧,ao4
魯,lu3
饋,kui4
瘓,huan4
闊,kuo4
溫,wen1
潰,hui4,kui4
憤,fen4
褲,ku4
祿,lu4
謝,xie4
謠,yao2
謗,bang4
謙,qian1
緬,mian3
緝,ji1,qi1
緞,duan4
緩,huan3
締,di4
騙,pian4
編,bian1
騷,sao1
緣,yuan2
鵡,wu3
搖,yao2
鵲,que4
懞,meng1,meng2,meng3
賴,lai4
輻,fu2
輯,ji2
輸,shu1
頻,pin2
齡,ling2
蛻,tui4
錯,cuo4
錨,mao2
錫,xi1
錘,chui2
錐,zhui1
錦,jin3
鍵,jian4
鋸,ju1,ju4
錳,meng3
頹,tui2
簡,jian3
毀,hui3
遙,yao2
膩,ni4
鵬,peng2
騰,teng2
鮑,bao4
穎,ying3
饃,mo2
餾,liu2,liu4
窺,kui1
謹,jin3
謬,miu4
縛,fu4
縫,feng2,feng4
贅,zhui4
藹,ai3
轄,xia2
輾,nian3,zhan3
顆,ke1
賺,zhuan4,zuan4
鍬,qiao1
鍛,duan4
鍍,du4
輿,yu2
鮮,xian1,xian3
饅,man2
賽,sai4
譚,tan2
譜,pu3
騾,luo2
縮,su4,suo1
攆,nian3
蘊,yun4
橫,heng2,heng4
櫻,ying1
飄,piao1
題,ti2
鎮,zhen4
鎬,gao3,hao4
鎊,bang4
鯉,li3
鯽,ji4
顏,yan2
鯊,sha1
瀾,lan2
額,e2
譴,qian3
鶴,he4
繚,liao2
顛,dian1
轍,zhe2
鸚,ying1
贈,zeng4
鏡,jing4
贊,zan4
鯨,jing1
瀕,bin1
懶,lan3
繮,jiang1
繳,jiao3,zhuo2
贍,shan4
贏,ying2
驟,zhou4
囂,ao2,xiao1
鐮,lian2
鰭,qi2
鷹,ying1
巔,dian1
顫,chan4,zhan4
癬,xuan3
鱉,bie1
鱗,lin2
躪,lin4
贛,gan4
鑲,xiang1
禀,bing3
瓶,ping2
猴,hou2
暖,nuan3
朮,zhu2
彔,lu4